occurred_at,conflict_type,conflict_id,link
635865c959bb49b54691bdf0dff03eb62e1b5002,ModifiedOptionConflict,86d9b27dabfbe0e574f1e4a5e31db2b8,d3::::package.json::::dependencies::::d3-selection::::1.0.2 <-> d3::::package.json::::dependencies::::d3-voronoi::::1.0.2
23b0212743d22e2dea3e20163980b37e78b2a25b,ModifiedOptionConflict,34adddb02d641a65604853943c52a6cf,d3::::package.json::::dependencies::::d3-brush::::2 <-> d3::::package.json::::devDependencies::::rollup::::2
61d8fa8641d4b551ebd756637fb6790f826d379f,MissingOptionConflict,f66917d27089d9e45a4c04c02461b0a8,d3::::package.json::::devDependencies::::faucet::::0.0 <-> d3::::package.json::::devDependencies::::json2module::::0.0
20a69e7d2bb9df02207de797c7bb870799f12770,ModifiedOptionConflict,7a84d8232a73b500a1b007fe96fd5de7,d3::::package.json::::dependencies::::d3-color::::1.0.1 <-> d3::::package.json::::dependencies::::d3-dsv::::1.0.1
23b0212743d22e2dea3e20163980b37e78b2a25b,ModifiedOptionConflict,07190adfb484cc9c4b3e581b4bca6127,d3::::package.json::::dependencies::::d3-timer::::2 <-> d3::::package.json::::devDependencies::::rollup::::2
eadbaf3c1d41e9237d568bc64446f8a6ea2d398d,ModifiedOptionConflict,53e3b3bda1f9d5d9a84e1eb8d9df4b2f,d3::::package.json::::dependencies::::d3-array::::1.0.2 <-> d3::::package.json::::dependencies::::d3-ease::::1.0.2
7fb1eccacdf3274dc2836252e5f65d3a58af814a,ModifiedOptionConflict,2aba9fe9c25ee6c19b7e642352dd2dfb,d3::::package.json::::dependencies::::d3-format::::0.5.1 <-> d3::::package.json::::dependencies::::d3-shape::::0.5.1
e159b8118663d3739622145cd49c13487268df26,ModifiedOptionConflict,4824b236004f8676196dde47f4aafa51,d3::::package.json::::jam::::main::::d3.js <-> d3::::package.json::::jspm::::main::::d3.js
d12b3529f15ed6776659f37e0f5c455efcf1df95,MissingOptionConflict,84f5219d90697e2c5c7b4dd62c5a8090,d3::::package.json::::jam::::main::::d3.js <-> d3::::package.json::::jspm::::main::::d3.js
76fbe7b8d69889acef8270d1ad13c625d86a3cee,ModifiedOptionConflict,2529d7042ec7c620b47de52d02dbad07,d3::::package.json::::dependencies::::d3-collection::::0.1.1 <-> d3::::package.json::::dependencies::::d3-transition::::0.1.1
5ae7fda4b3d5e249c46fa7350f1af779c5eec499,ModifiedOptionConflict,6500ddc3c655cdff9992c17df7477c02,d3::::package.json::::dependencies::::d3-ease::::1.0.0 <-> d3::::package.json::::dependencies::::d3-format::::1.0.0
55e97763d9d2d0d91aa3b3abdf134ee3f3799031,ModifiedOptionConflict,81e42273dd61ef3f5718325194ac23fd,d3::::package.json::::dependencies::::d3-force::::1.0.6 <-> d3::::package.json::::dependencies::::d3-request::::1.0.6
23b0212743d22e2dea3e20163980b37e78b2a25b,ModifiedOptionConflict,11da4d0eeb3746a55e38bdf8123682ea,d3::::package.json::::dependencies::::d3-transition::::2 <-> d3::::package.json::::devDependencies::::rollup::::2
6ddc10ebce9ebbf20326fe3e886f2a664e7ec39b,ModifiedOptionConflict,69ccd70dd944c9d54ddc507f05c05b57,d3::::package.json::::dependencies::::d3-random::::0.1.1 <-> d3::::package.json::::dependencies::::d3-time::::0.1.1
8d9c8f641ef468b1ea8b17c11c523b0e8a5fff69,ModifiedOptionConflict,57276f8354eb6c89a749a7bbd5c8b7ba,d3::::package.json::::dependencies::::d3-drag::::1.0.0 <-> d3::::package.json::::dependencies::::d3-scale::::1.0.0
20a69e7d2bb9df02207de797c7bb870799f12770,ModifiedOptionConflict,d088caa0a879210f4f0b61abb7b1df6f,d3::::package.json::::dependencies::::d3-selection::::1.0.2 <-> d3::::package.json::::dependencies::::d3-shape::::1.0.2
eadbaf3c1d41e9237d568bc64446f8a6ea2d398d,ModifiedOptionConflict,9afe1295c461d6240e23c17901c1b0d8,d3::::package.json::::dependencies::::d3-chord::::1.0.3 <-> d3::::package.json::::dependencies::::d3-request::::1.0.3
ca06346f0c52fb9b63fcccd2d8391dcfdbd3b715,MissingOptionConflict,3faa063990af4685260b943359ef15e6,d3::::package.json::::jsnext:main::::index <-> d3::::package.json::::module::::index
783665824c9078901956c6aa83ef9374b9d807c0,ModifiedOptionConflict,2982f7884104ba598949420af5d88f4b,d3::::package.json::::dependencies::::d3-quadtree::::0.2.0 <-> d3::::package.json::::dependencies::::d3-voronoi::::0.2.0
a1e813ab96b2338ca19d800a2ee9447f5d8aeb05,ModifiedOptionConflict,cada20f13cfcdab66f1c736d22cf5a3b,d3::::package.json::::dependencies::::d3-force::::1.1.0 <-> d3::::package.json::::dependencies::::d3-selection::::1.1.0
189c1b33a52fef556dcb0de2d0e80863108032d2,ModifiedOptionConflict,2369b21d63d6be59d3622be6cb38e74c,d3::::package.json::::dependencies::::d3-hierarchy::::0.2.1 <-> d3::::package.json::::dependencies::::d3-polygon::::0.2.1
e43d4bed80c0482319e8360d29f882d6a52503c2,ModifiedOptionConflict,d133a7534444bd712447fe825f58c867,d3::::package.json::::dependencies::::d3-scale::::0.5.0 <-> d3::::package.json::::dependencies::::d3-selection::::0.5.0
1ba48dc33949b93018112b033d85be1c40d1fc04,ModifiedOptionConflict,016d42c4a7c65da7357d6b7f78212ee9,d3::::package.json::::dependencies::::d3-force::::2 <-> d3::::package.json::::dependencies::::d3-polygon::::2
b3fb0d3abaea569216edbf0f3668a370b1542f37,ModifiedOptionConflict,a5c2348694cab416525607dae3c2694a,d3::::package.json::::dependencies::::d3-selection::::1 <-> d3::::package.json::::devDependencies::::rollup::::1
eadbaf3c1d41e9237d568bc64446f8a6ea2d398d,ModifiedOptionConflict,82fd2f4549f2b479375a7521bf0fcc41,d3::::package.json::::dependencies::::d3-scale::::1.0.4 <-> d3::::package.json::::dependencies::::d3-shape::::1.0.4
a1e813ab96b2338ca19d800a2ee9447f5d8aeb05,ModifiedOptionConflict,a6734110737a5aa51ef9ef0aae1422da,d3::::package.json::::dependencies::::d3-request::::1.0.6 <-> d3::::package.json::::dependencies::::d3-scale::::1.0.6
eadbaf3c1d41e9237d568bc64446f8a6ea2d398d,ModifiedOptionConflict,d179cff50445d8af1fea438cfb645e80,d3::::package.json::::dependencies::::d3-force::::1.0.4 <-> d3::::package.json::::dependencies::::d3-timer::::1.0.4
1ba48dc33949b93018112b033d85be1c40d1fc04,ModifiedOptionConflict,8ec9ab2a22bafd48384242a1a13593c9,d3::::package.json::::dependencies::::d3-drag::::2 <-> d3::::package.json::::dependencies::::d3-force::::2
19c59bab6180c36b8d8bffcbf81f54f3ca09fc8e,ModifiedOptionConflict,819ca54e3703745e4d27f21b0c16771d,d3::::package.json::::dependencies::::d3-drag::::1.2.1 <-> d3::::package.json::::dependencies::::d3-format::::1.2.1
8d9c8f641ef468b1ea8b17c11c523b0e8a5fff69,ModifiedOptionConflict,6799a49556074837c7d6791a23de9e58,d3::::package.json::::dependencies::::d3-format::::1.0.0 <-> d3::::package.json::::dependencies::::d3-voronoi::::1.0.0
748cf5245fe1c74a41d86be565a59bd851b91714,ModifiedOptionConflict,04db00a9d2c331b13609267832492aa6,d3::::package.json::::dependencies::::d3-scale::::1.0.3 <-> d3::::package.json::::dependencies::::d3-transition::::1.0.3
0a58fc3b2134a4520121eb064502b899440eeeeb,ModifiedOptionConflict,1030515975971865886412197d0d9d00,d3::::package.json::::dependencies::::d3-polygon::::1.0.3 <-> d3::::package.json::::dependencies::::d3-random::::1.0.3
23b0212743d22e2dea3e20163980b37e78b2a25b,ModifiedOptionConflict,1e8ec9175d835a0f5486cba36b24b1ae,d3::::package.json::::dependencies::::d3-color::::2 <-> d3::::package.json::::devDependencies::::rollup::::2
1ba48dc33949b93018112b033d85be1c40d1fc04,ModifiedOptionConflict,ac3c6adce62fb909fe755eea232c31b9,d3::::package.json::::dependencies::::d3-contour::::2 <-> d3::::package.json::::dependencies::::d3-selection::::2
b3fb0d3abaea569216edbf0f3668a370b1542f37,ModifiedOptionConflict,3a533247900da6d68a3324c922dd3974,d3::::package.json::::dependencies::::d3-color::::1 <-> d3::::package.json::::devDependencies::::rollup::::1
4d777f819a4b7abf47ee335e2eb73743904f96f3,ModifiedOptionConflict,e5c5c05c1bfa6a89640a2be08e4773b4,d3::::package.json::::dependencies::::d3-brush::::1.0.0 <-> d3::::package.json::::dependencies::::d3-dsv::::1.0.0
4d777f819a4b7abf47ee335e2eb73743904f96f3,ModifiedOptionConflict,9bb5b37ab0e7459e4c9c2fd174d8b720,d3::::package.json::::dependencies::::d3-selection::::1.0.0 <-> d3::::package.json::::dependencies::::d3-zoom::::1.0.0
19c59bab6180c36b8d8bffcbf81f54f3ca09fc8e,ModifiedOptionConflict,62c628b5b72bd276d18612787903586e,d3::::package.json::::dependencies::::d3-scale::::1.0.7 <-> d3::::package.json::::dependencies::::d3-timer::::1.0.7
1ba48dc33949b93018112b033d85be1c40d1fc04,ModifiedOptionConflict,166e48d64b35b5799a6c0625e1e22c6b,d3::::package.json::::dependencies::::d3-hierarchy::::2 <-> d3::::package.json::::dependencies::::d3-time::::2
eadbaf3c1d41e9237d568bc64446f8a6ea2d398d,ModifiedOptionConflict,f95153f4781d6f9776c6f3672277d545,d3::::package.json::::dependencies::::d3-selection::::1.0.3 <-> d3::::package.json::::dependencies::::d3-transition::::1.0.3
eadbaf3c1d41e9237d568bc64446f8a6ea2d398d,ModifiedOptionConflict,e3b2877c83311e4df2f1b6ede5eeab98,d3::::package.json::::dependencies::::d3-time::::1.0.4 <-> d3::::package.json::::dependencies::::d3-timer::::1.0.4
748cf5245fe1c74a41d86be565a59bd851b91714,ModifiedOptionConflict,002080638c576cf61e9bc342a8005094,d3::::package.json::::dependencies::::d3-force::::1.0.3 <-> d3::::package.json::::dependencies::::d3-timer::::1.0.3
a1e813ab96b2338ca19d800a2ee9447f5d8aeb05,ModifiedOptionConflict,db20a788ca3286b732aa18081e40dc55,d3::::package.json::::dependencies::::d3-format::::1.2.0 <-> d3::::package.json::::dependencies::::d3-shape::::1.2.0
b3fb0d3abaea569216edbf0f3668a370b1542f37,ModifiedOptionConflict,b2445113c57dcf7f2c936183fec3a421,d3::::package.json::::dependencies::::d3-dispatch::::1 <-> d3::::package.json::::devDependencies::::rollup::::1
de114b5749421c3d0b49c56be031c30e7610577f,ModifiedOptionConflict,687aa3e1c312007f854831b0b7851431,d3::::package.json::::dependencies::::d3-interpolate::::0.3.0 <-> d3::::package.json::::dependencies::::d3-shape::::0.3.0
2b0e668d9ba9be5ae44b0df446f09e5805c9ddd9,ModifiedOptionConflict,b619141a28bad423e25181207536c502,d3::::package.json::::dependencies::::d3-axis::::1.0.1 <-> d3::::package.json::::dependencies::::d3-shape::::1.0.1
1ba48dc33949b93018112b033d85be1c40d1fc04,ModifiedOptionConflict,37bd213bc23c9d184510c08bf15fc77f,d3::::package.json::::dependencies::::d3-array::::2 <-> d3::::package.json::::dependencies::::d3-random::::2
23b0212743d22e2dea3e20163980b37e78b2a25b,ModifiedOptionConflict,66789c5e852181c90b0da7bbd0effdee,d3::::package.json::::dependencies::::d3-chord::::2 <-> d3::::package.json::::devDependencies::::rollup::::2
b3fb0d3abaea569216edbf0f3668a370b1542f37,ModifiedOptionConflict,468bd13cf55bee420741ea5a50a32430,d3::::package.json::::dependencies::::d3-scale::::2 <-> d3::::package.json::::devDependencies::::rimraf::::2
1ba48dc33949b93018112b033d85be1c40d1fc04,ModifiedOptionConflict,c8f925af704209efd7d490d01bbc5aa4,d3::::package.json::::dependencies::::d3-fetch::::2 <-> d3::::package.json::::devDependencies::::rimraf::::2
07f0cd19f80dfaab540c63203c9f5a1164fb75f2,ModifiedOptionConflict,e510c12e2d738b9cb2d22f0177010339,d3::::package.json::::dependencies::::d3-path::::1.0.0 <-> d3::::package.json::::dependencies::::d3-timer::::1.0.0
9f27b1f302be3825c56b9b20f203ed7a4cac7117,ModifiedOptionConflict,8e0324efde69180421bb092609dd5e14,d3::::package.json::::dependencies::::d3-axis::::0.4.0 <-> d3::::package.json::::dependencies::::d3-voronoi::::0.4.0
1ba48dc33949b93018112b033d85be1c40d1fc04,ModifiedOptionConflict,c66694e1c3972d25304e8badf4f54d00,d3::::package.json::::dependencies::::d3-array::::2 <-> d3::::package.json::::dependencies::::d3-drag::::2
fa405ae34d1ea9c2d4957d8087d0a5fe0a491cc4,ModifiedOptionConflict,abcc769cb309d6aa2b77e975549392e2,d3::::package.json::::dependencies::::d3-brush::::1.0.2 <-> d3::::package.json::::dependencies::::d3-transition::::1.0.2
23b0212743d22e2dea3e20163980b37e78b2a25b,MissingOptionConflict,678df8690ef29838ea8f4fe805d4547e,d3::::package.json::::files::::files/index.js::::index.js <-> d3::::package.json::::module::::index.js
742432220f4d6e10e8deb5bb07c3e4eba3c5af7b,ModifiedOptionConflict,bae0909f9b21ff9692fffaea18cd2b80,d3::::package.json::::dependencies::::d3-polygon::::0.3.0 <-> d3::::package.json::::dependencies::::d3-time::::0.3.0
0a58fc3b2134a4520121eb064502b899440eeeeb,ModifiedOptionConflict,4cdf5b6d882d5e4e379f30221b7475e3,d3::::package.json::::dependencies::::d3-hierarchy::::1.1.4 <-> d3::::package.json::::dependencies::::d3-zoom::::1.1.4
e32895d511198a7ed0e505fb1b8bb484cf614460,ModifiedOptionConflict,c9d6e6f0d45aa48043fbb142bc3fdc33,d3::::package.json::::dependencies::::d3-shape::::1.1.0 <-> d3::::package.json::::dependencies::::d3-transition::::1.1.0
23b0212743d22e2dea3e20163980b37e78b2a25b,ModifiedOptionConflict,fc4a78f80416c3bf1112996c8f3e2237,d3::::package.json::::dependencies::::d3-axis::::2 <-> d3::::package.json::::devDependencies::::rollup::::2
23b0212743d22e2dea3e20163980b37e78b2a25b,ModifiedOptionConflict,7fcd11f68b1fe974a1c104fda71dbeab,d3::::package.json::::dependencies::::d3-array::::2 <-> d3::::package.json::::devDependencies::::rollup::::2
d030eee80e9102e46e411688a69b7f8168345bf9,MissingOptionConflict,65979b39b77e4c51ebd1860f26dba3cc,d3::::package.json::::browserify::::d3.js <-> d3::::package.json::::main::::d3.js
748cf5245fe1c74a41d86be565a59bd851b91714,ModifiedOptionConflict,c279a2b3159f27ce586d76ef738d73d3,d3::::package.json::::dependencies::::d3-brush::::1.0.3 <-> d3::::package.json::::dependencies::::d3-shape::::1.0.3
23b0212743d22e2dea3e20163980b37e78b2a25b,ModifiedOptionConflict,28cda2b9c5f4f7cf7b4da30c9035c7f1,d3::::package.json::::dependencies::::d3-random::::2 <-> d3::::package.json::::devDependencies::::rollup::::2
b3fb0d3abaea569216edbf0f3668a370b1542f37,ModifiedOptionConflict,1fa5664286e48d7b7e58017825f51498,d3::::package.json::::dependencies::::d3-random::::1 <-> d3::::package.json::::devDependencies::::rollup::::1
eadbaf3c1d41e9237d568bc64446f8a6ea2d398d,ModifiedOptionConflict,0eb1eff0261fdee48b42c518fb441154,d3::::package.json::::dependencies::::d3-voronoi::::1.1.1 <-> d3::::package.json::::dependencies::::d3-zoom::::1.1.1
0f91ff93b9ef17983211467534823b92e169641f,ModifiedOptionConflict,ee1064cfca97dd62c392ec0ade0e7f2e,d3::::package.json::::dependencies::::d3-request::::0.3.0 <-> d3::::package.json::::dependencies::::d3-voronoi::::0.3.0
6d17d4169a6615c00e1b3488ea131e1456a5dce4,ModifiedOptionConflict,a353365fab6569cbe073fe860c3c37f8,d3::::package.json::::dependencies::::d3-shape::::1.0.3 <-> d3::::package.json::::dependencies::::d3-time::::1.0.3
8108bc7bf2ed56b8e3945ae7e0dfb0a282e41884,ModifiedOptionConflict,d127cf4168ad59dd0f2323328f5d4365,d3::::package.json::::dependencies::::d3-color::::0.4.2 <-> d3::::package.json::::dependencies::::d3-timer::::0.4.2
23b0212743d22e2dea3e20163980b37e78b2a25b,ModifiedOptionConflict,01e0bd8a604bd97934bd99fe5671eab7,d3::::package.json::::dependencies::::d3-shape::::2 <-> d3::::package.json::::devDependencies::::rollup::::2
1ba48dc33949b93018112b033d85be1c40d1fc04,ModifiedOptionConflict,d36fb80a0294354b1d1200a0f45479f6,d3::::package.json::::dependencies::::d3-transition::::2 <-> d3::::package.json::::devDependencies::::rimraf::::2
b3fb0d3abaea569216edbf0f3668a370b1542f37,ModifiedOptionConflict,95f55339509bf6a904c6c832b613ff17,d3::::package.json::::dependencies::::d3-shape::::1 <-> d3::::package.json::::devDependencies::::rollup::::1
183ba0bfbb45196f4e1fa0088faf9bc1239e30d0,ModifiedOptionConflict,8e01f5cbc4113d6ff95174e62a3f32e5,d3::::package.json::::dependencies::::d3-force::::1.0.6 <-> d3::::package.json::::dependencies::::d3-timer::::1.0.6
b79843666b7f1220f8a55e9f3d0ba5d8718216a9,ModifiedOptionConflict,0be948893993f656c3fd0370b1e5fdd3,d3::::package.json::::dependencies::::d3-hierarchy::::1.0.3 <-> d3::::package.json::::dependencies::::d3-selection::::1.0.3
5ae7fda4b3d5e249c46fa7350f1af779c5eec499,ModifiedOptionConflict,b731ca3e73c75c8d0edffe0b66f82df7,d3::::package.json::::dependencies::::d3-drag::::1.0.0 <-> d3::::package.json::::dependencies::::d3-selection::::1.0.0
93105bdf2a0bb0eb1f755b10162cfe5beaf0a06f,ModifiedOptionConflict,ec3f2d565a759edba079d8f646d20576,d3::::package.json::::dependencies::::d3-brush::::0.2.0 <-> d3::::package.json::::dependencies::::d3-path::::0.2.0
0a58fc3b2134a4520121eb064502b899440eeeeb,ModifiedOptionConflict,356b8e065f419d165d5b9c20f3d24dcf,d3::::package.json::::dependencies::::d3-hierarchy::::1.1.4 <-> d3::::package.json::::dependencies::::d3-interpolate::::1.1.4
1ba48dc33949b93018112b033d85be1c40d1fc04,ModifiedOptionConflict,e22700a953169a203205f105215a8955,d3::::package.json::::dependencies::::d3-array::::2 <-> d3::::package.json::::dependencies::::d3-format::::2
189c1b33a52fef556dcb0de2d0e80863108032d2,ModifiedOptionConflict,18d7ecd21cc4513dac7b212bbbc708a7,d3::::package.json::::dependencies::::d3-ease::::0.7.0 <-> d3::::package.json::::dependencies::::d3-selection::::0.7.0
34de93781251691cf6095c24510355f404df031c,ModifiedOptionConflict,c8e5340a147b8a6efc66b1f9860358f0,d3::::package.json::::dependencies::::d3-timer::::0.1.0 <-> d3::::package.json::::dependencies::::d3-voronoi::::0.1.0
c22314f2f82805d1b22560fb7fd232d1c951d63d,ModifiedOptionConflict,0ddd8c81f92fa2c17376246803ad8e8c,d3::::package.json::::dependencies::::d3-axis::::0.2.0 <-> d3::::package.json::::dependencies::::d3-polygon::::0.2.0
b3fb0d3abaea569216edbf0f3668a370b1542f37,ModifiedOptionConflict,cb622f1bf14b5cd375a47f67772ee1cf,d3::::package.json::::dependencies::::d3-array::::1 <-> d3::::package.json::::devDependencies::::rollup::::1
1ba48dc33949b93018112b033d85be1c40d1fc04,ModifiedOptionConflict,d9aef29ede3bcef9bd62a87634dbfc99,d3::::package.json::::dependencies::::d3-array::::2 <-> d3::::package.json::::dependencies::::d3-ease::::2
1ba48dc33949b93018112b033d85be1c40d1fc04,ModifiedOptionConflict,ec75e7994fe1f633de7201be0d325ac4,d3::::package.json::::dependencies::::d3-dsv::::2 <-> d3::::package.json::::devDependencies::::rimraf::::2
6c71e02d3ad58fb3b947735e7d0e58c2d0ae595a,ModifiedOptionConflict,de4083ca6b4cbf3b921500782bdc2a8a,d3::::package.json::::dependencies::::d3-contour::::2 <-> d3::::package.json::::devDependencies::::rimraf::::2
23b0212743d22e2dea3e20163980b37e78b2a25b,ModifiedOptionConflict,c78d41129ac0f373f25bb24ccae2acca,d3::::package.json::::dependencies::::d3-geo::::2 <-> d3::::package.json::::devDependencies::::rollup::::2
07f0cd19f80dfaab540c63203c9f5a1164fb75f2,ModifiedOptionConflict,dbf990ff52f3fae8cdb269f7d6c87d25,d3::::package.json::::dependencies::::d3-geo::::1.0.0 <-> d3::::package.json::::dependencies::::d3-transition::::1.0.0
fc4b7f33b9e9dd804dd63eb67e5cc261f7cd4a65,ModifiedOptionConflict,9f02f3512b23e4171771a2ffe3f20bc3,d3::::package.json::::dependencies::::d3-interpolate::::0.4.0 <-> d3::::package.json::::dependencies::::d3-shape::::0.4.0
1ba48dc33949b93018112b033d85be1c40d1fc04,ModifiedOptionConflict,466075afc762981c65ada81a2e60cfae,d3::::package.json::::dependencies::::d3-selection::::2 <-> d3::::package.json::::dependencies::::d3-shape::::2
2b0e668d9ba9be5ae44b0df446f09e5805c9ddd9,ModifiedOptionConflict,c2a66099749f793d71e7a5e3d5559e8a,d3::::package.json::::dependencies::::d3-axis::::1.0.1 <-> d3::::package.json::::dependencies::::d3-force::::1.0.1
b3fb0d3abaea569216edbf0f3668a370b1542f37,MissingOptionConflict,4da24ec9affb3f483f985f3e64a8d052,d3::::package.json::::dependencies::::d3-quadtree::::1 <-> d3::::package.json::::dependencies::::d3-voronoi::::1
082c9593e2e7341671eccc4516d1ebd2e421a274,ModifiedOptionConflict,aed5a1d7bf4c937da2f23fb4ff2a1e91,d3::::package.json::::jspm::::main::::d3 <-> d3::::package.json::::name::::d3
2b0e668d9ba9be5ae44b0df446f09e5805c9ddd9,ModifiedOptionConflict,f7b6fbc15ae29ab1c6856eb5574a64dd,d3::::package.json::::dependencies::::d3-axis::::1.0.1 <-> d3::::package.json::::dependencies::::d3-request::::1.0.1
742432220f4d6e10e8deb5bb07c3e4eba3c5af7b,ModifiedOptionConflict,684c4940f065cc68641a13710f9d7f4e,d3::::package.json::::dependencies::::d3-array::::0.8.0 <-> d3::::package.json::::dependencies::::d3-ease::::0.8.0
a1e813ab96b2338ca19d800a2ee9447f5d8aeb05,ModifiedOptionConflict,2fe3f12ac6fc5df277a9cd8f10d76d0b,d3::::package.json::::dependencies::::d3-dsv::::1.0.7 <-> d3::::package.json::::dependencies::::d3-timer::::1.0.7
f7b9b35807690a077aeb35e8054e43a509878457,ModifiedOptionConflict,a2cf2a6824c70e37344b6a9a92ec30cd,d3::::package.json::::dependencies::::d3-hierarchy::::1.1.2 <-> d3::::package.json::::dependencies::::d3-zoom::::1.1.2
7edaa2a2437168266cf5525bc00ed204b27c71f2,ModifiedOptionConflict,0c2372f378b44212562b3d2485d2a41e,d3::::package.json::::browserify::::d3.js <-> d3::::package.json::::main::::d3.js
bf95c3efe72c94a260fe0c5964bd4db2b339fb23,ModifiedOptionConflict,13d49c82fb810c5c4a926088471509cd,d3::::package.json::::dependencies::::d3-dispatch::::0.4.3 <-> d3::::package.json::::dependencies::::d3-timer::::0.4.3
5ae7fda4b3d5e249c46fa7350f1af779c5eec499,ModifiedOptionConflict,86002ef34bce4dbf9b66f308f8a18096,d3::::package.json::::dependencies::::d3-scale::::1.0.1 <-> d3::::package.json::::dependencies::::d3-timer::::1.0.1
0a58fc3b2134a4520121eb064502b899440eeeeb,ModifiedOptionConflict,5bb579ed355802ca787c975f4b989249,d3::::package.json::::dependencies::::d3-shape::::1.0.6 <-> d3::::package.json::::dependencies::::d3-time::::1.0.6
b3fb0d3abaea569216edbf0f3668a370b1542f37,ModifiedOptionConflict,68c2a10f90c463757ffe5949983ea4f1,d3::::package.json::::dependencies::::d3-chord::::1 <-> d3::::package.json::::devDependencies::::rollup::::1
6c8107a75ec23e8b1bbaee456ed101338dc1d14e,ModifiedOptionConflict,10bace2adfbd84415ecfc17cef1edea4,d3::::package.json::::devDependencies::::eslint::::7 <-> d3::::package.json::::devDependencies::::rollup-plugin-terser::::7
1ba48dc33949b93018112b033d85be1c40d1fc04,ModifiedOptionConflict,29cb9e4e6a9f60c647ae4344ecdb5885,d3::::package.json::::dependencies::::d3-force::::2 <-> d3::::package.json::::dependencies::::d3-interpolate::::2
eadbaf3c1d41e9237d568bc64446f8a6ea2d398d,ModifiedOptionConflict,55acaafc3aecf5b8e464b5ece745bae9,d3::::package.json::::dependencies::::d3-color::::1.0.2 <-> d3::::package.json::::dependencies::::d3-drag::::1.0.2
8d9c8f641ef468b1ea8b17c11c523b0e8a5fff69,ModifiedOptionConflict,29e30812a257f0ab8be3c24c26505360,d3::::package.json::::dependencies::::d3-geo::::1.1.0 <-> d3::::package.json::::dependencies::::d3-interpolate::::1.1.0
1ba48dc33949b93018112b033d85be1c40d1fc04,ModifiedOptionConflict,43946284f2d28da4520b73caa244fb92,d3::::package.json::::dependencies::::d3-fetch::::2 <-> d3::::package.json::::dependencies::::d3-hierarchy::::2
742432220f4d6e10e8deb5bb07c3e4eba3c5af7b,ModifiedOptionConflict,7146f7105749985a1c94844247e2dddb,d3::::package.json::::dependencies::::d3-request::::0.5.0 <-> d3::::package.json::::dependencies::::d3-timer::::0.5.0
d12b3529f15ed6776659f37e0f5c455efcf1df95,MissingOptionConflict,3116b39a0e98a21e14c3103ab243cdcd,d3::::package.json::::jam::::main::::d3.js <-> d3::::package.json::::jspm::::files::::files/d3.js::::d3.js
f982b60767c3319990397976f7296bbd29773969,ModifiedOptionConflict,7ee5ed167373608cce7bda3f00963a44,d3::::package.json::::dependencies::::d3-format::::0.5.0 <-> d3::::package.json::::dependencies::::d3-scale::::0.5.0
b3fb0d3abaea569216edbf0f3668a370b1542f37,ModifiedOptionConflict,9124bd471463099c0687a68b52435fc4,d3::::package.json::::dependencies::::d3-quadtree::::1 <-> d3::::package.json::::devDependencies::::rollup::::1
1ba48dc33949b93018112b033d85be1c40d1fc04,ModifiedOptionConflict,a46522bd01af806ca7e25c4a784de738,d3::::package.json::::dependencies::::d3-hierarchy::::2 <-> d3::::package.json::::dependencies::::d3-zoom::::2
5d399966bdbe58f0e5249c28b92454df0946fa39,ModifiedOptionConflict,d5288d51f3a76030d3151ec9a6e50112,d3::::package.json::::dependencies::::d3-path::::1.0.5 <-> d3::::package.json::::dependencies::::d3-timer::::1.0.5
23b0212743d22e2dea3e20163980b37e78b2a25b,ModifiedOptionConflict,ab13b3c59aad6c7534d21b0b65feaaf3,d3::::package.json::::dependencies::::d3-dispatch::::2 <-> d3::::package.json::::devDependencies::::rollup::::2
23b0212743d22e2dea3e20163980b37e78b2a25b,ModifiedOptionConflict,61ce46fec0a2d1c10b792af188e708ae,d3::::package.json::::dependencies::::d3-dsv::::2 <-> d3::::package.json::::devDependencies::::rollup::::2
55e97763d9d2d0d91aa3b3abdf134ee3f3799031,ModifiedOptionConflict,f33e7e73ff2b8a0ffccfe5e056a78c16,d3::::package.json::::dependencies::::d3-array::::1.2.0 <-> d3::::package.json::::dependencies::::d3-shape::::1.2.0
54e19b0d963ccc9d2c9a0a8875f9f0e18072741f,ModifiedOptionConflict,ddb81bb9285749d048fd9d28f58ca21b,d3::::package.json::::dependencies::::d3-ease::::0.6.0 <-> d3::::package.json::::dependencies::::d3-scale::::0.6.0
28491606a8a9aae41c15f4bc87850c732d7cd4d8,ModifiedOptionConflict,3ea1463275a2b3146cf2b93d44966e22,d3::::package.json::::dependencies::::d3-ease::::0.4.0 <-> d3::::package.json::::dependencies::::d3-scale::::0.4.0
9eba1b6973d5af57d6a15758338f663a241654b3,ModifiedOptionConflict,716702206197d64184c6cb6c4ed148b2,d3::::package.json::::dependencies::::d3-voronoi::::1 <-> d3::::package.json::::devDependencies::::rollup-plugin-terser::::1
6c71e02d3ad58fb3b947735e7d0e58c2d0ae595a,ModifiedOptionConflict,60f63ddf0474d27b26b203c0b44bdeed,d3::::package.json::::dependencies::::d3-delaunay::::5 <-> d3::::package.json::::devDependencies::::rollup-plugin-terser::::5
2b0e668d9ba9be5ae44b0df446f09e5805c9ddd9,ModifiedOptionConflict,e616672791267ece2ac34dff9cc2f037,d3::::package.json::::dependencies::::d3-axis::::1.0.1 <-> d3::::package.json::::dependencies::::d3-brush::::1.0.1
65ec4c7e326936a1df2d5f731c9563da75a709d4,MissingOptionConflict,f4d1b4c8cb380d8c55623f52dc10dc44,d3::::package.json::::jspm::::shim::::d3::::exports::::d3 <-> d3::::package.json::::name::::d3
748cf5245fe1c74a41d86be565a59bd851b91714,ModifiedOptionConflict,6503c883c54da574c9bf68beca2eaf24,d3::::package.json::::dependencies::::d3-axis::::1.0.3 <-> d3::::package.json::::dependencies::::d3-transition::::1.0.3
1ba48dc33949b93018112b033d85be1c40d1fc04,ModifiedOptionConflict,0f11db98c6f0f3335ad793f4ef958548,d3::::package.json::::dependencies::::d3-hierarchy::::2 <-> d3::::package.json::::dependencies::::d3-timer::::2
b3fb0d3abaea569216edbf0f3668a370b1542f37,ModifiedOptionConflict,fbb1ca701dc6d887435ede3e5f628c6f,d3::::package.json::::dependencies::::d3-drag::::1 <-> d3::::package.json::::devDependencies::::rollup::::1
748cf5245fe1c74a41d86be565a59bd851b91714,ModifiedOptionConflict,59047dbf2d033c234508e6b66357dbbd,d3::::package.json::::dependencies::::d3-format::::1.0.2 <-> d3::::package.json::::dependencies::::d3-request::::1.0.2
b3fb0d3abaea569216edbf0f3668a370b1542f37,MissingOptionConflict,563370ce3b2c56520def02fc93553449,d3::::package.json::::dependencies::::d3-collection::::1 <-> d3::::package.json::::dependencies::::d3-timer::::1
20a69e7d2bb9df02207de797c7bb870799f12770,ModifiedOptionConflict,33a393b2546b76a81b8771f093adb1a2,d3::::package.json::::dependencies::::d3-brush::::1.0.2 <-> d3::::package.json::::dependencies::::d3-time::::1.0.2
bf95c3efe72c94a260fe0c5964bd4db2b339fb23,ModifiedOptionConflict,7f9d747f72b31f3ffcad58328c57aad1,d3::::package.json::::dependencies::::d3-ease::::0.7.0 <-> d3::::package.json::::dependencies::::d3-scale::::0.7.0
9977983f8df4528a87a6dba05d64842b6c692d01,ModifiedOptionConflict,4df6c615963424d0d566c0973f5cf657,d3::::package.json::::browserify::::d3.js <-> d3::::package.json::::jam::::main::::d3.js
b3fb0d3abaea569216edbf0f3668a370b1542f37,ModifiedOptionConflict,6f50e284d7f28481936365bb78dceec9,d3::::package.json::::dependencies::::d3-polygon::::1 <-> d3::::package.json::::devDependencies::::rollup::::1
1ba48dc33949b93018112b033d85be1c40d1fc04,ModifiedOptionConflict,e9da57fae06cadcda4605001f310d646,d3::::package.json::::dependencies::::d3-quadtree::::2 <-> d3::::package.json::::devDependencies::::rimraf::::2
23b0212743d22e2dea3e20163980b37e78b2a25b,ModifiedOptionConflict,fe5b3bfc64c49ce77b6cea30b7319b72,d3::::package.json::::dependencies::::d3-polygon::::2 <-> d3::::package.json::::devDependencies::::rollup::::2
de7e9ef1049c567a2f9e3808367f98aec7906f9b,ModifiedOptionConflict,4af2714e4bd364d4a31d947501609a3e,d3::::package.json::::dependencies::::d3-timer::::0.3.1 <-> d3::::package.json::::dependencies::::d3-voronoi::::0.3.1
2b0e668d9ba9be5ae44b0df446f09e5805c9ddd9,ModifiedOptionConflict,423b01ca3bb9ee40788a31709fa4aee4,d3::::package.json::::dependencies::::d3-axis::::1.0.1 <-> d3::::package.json::::dependencies::::d3-voronoi::::1.0.1
23b0212743d22e2dea3e20163980b37e78b2a25b,MissingOptionConflict,ee6d950e4e26d1fe5fc9e296cebd1acc,d3::::package.json::::dependencies::::d3-delaunay::::5 <-> d3::::package.json::::devDependencies::::rollup-plugin-node-resolve::::5
8d9c8f641ef468b1ea8b17c11c523b0e8a5fff69,ModifiedOptionConflict,4e28524d180857062d008597e27110b7,d3::::package.json::::dependencies::::d3-timer::::1.0.1 <-> d3::::package.json::::dependencies::::d3-zoom::::1.0.1
854e7458c899fed62dbeae4d2a8c750a12fa0441,ModifiedOptionConflict,03538a89486a678c0ffff451e8caa69c,d3::::package.json::::dependencies::::d3-drag::::1.0.3 <-> d3::::package.json::::dependencies::::d3-path::::1.0.3
1ba48dc33949b93018112b033d85be1c40d1fc04,ModifiedOptionConflict,70b4101b957c8a1ab5c6861fed0d260e,d3::::package.json::::dependencies::::d3-path::::2 <-> d3::::package.json::::devDependencies::::rimraf::::2
400c3d73b2506b763d4ece130945cc9babfc920f,ModifiedOptionConflict,cd78f256148a7925ed4680bd90a2019e,d3::::package.json::::dependencies::::d3-time::::0.2.1 <-> d3::::package.json::::dependencies::::d3-transition::::0.2.1
23b0212743d22e2dea3e20163980b37e78b2a25b,MissingOptionConflict,1400910b34c9eba60ca9af7bca5139cb,d3::::package.json::::dependencies::::d3-time-format::::3 <-> d3::::package.json::::devDependencies::::rimraf::::3
eadbaf3c1d41e9237d568bc64446f8a6ea2d398d,ModifiedOptionConflict,7b3e57983e61c9cb77a756278151648b,d3::::package.json::::dependencies::::d3-collection::::1.0.2 <-> d3::::package.json::::dependencies::::d3-format::::1.0.2
9f96bf53adc04af1abf5649f0216ad33bd232a31,MissingOptionConflict,6c02eeaa504b8148f8a2608569272ca5,d3::::package.json::::devDependencies::::rollup-plugin-json::::2 <-> d3::::package.json::::devDependencies::::uglify-js::::2
a326837258940e0379743d8a29aa69cc1d88c9f7,ModifiedOptionConflict,8cd55b196a22fdcefea8df8230a9be6d,d3::::package.json::::dependencies::::d3-hierarchy::::1.1.1 <-> d3::::package.json::::dependencies::::d3-voronoi::::1.1.1
1ba48dc33949b93018112b033d85be1c40d1fc04,ModifiedOptionConflict,cc12f17a65cb6d766508e83d868ff121,d3::::package.json::::dependencies::::d3-brush::::2 <-> d3::::package.json::::devDependencies::::rimraf::::2
de649dd6a8455d9fe99c369a6390819ef5e644aa,ModifiedOptionConflict,3a857d73beeb751638bbdc91f45eee48,d3::::package.json::::dependencies::::d3-format::::2 <-> d3::::package.json::::devDependencies::::rollup::::2
5ae7fda4b3d5e249c46fa7350f1af779c5eec499,ModifiedOptionConflict,4a3ec2f8f92ba79a54627f88efab1827,d3::::package.json::::dependencies::::d3-collection::::1.0.0 <-> d3::::package.json::::dependencies::::d3-force::::1.0.0
aef844fbbedad6bd34e80a80c8d39bce96447efd,ModifiedOptionConflict,a84216b30bdefd1229ee5f9041a64253,d3::::package.json::::devDependencies::::rimraf::::2 <-> d3::::package.json::::devDependencies::::rollup-plugin-node-resolve::::2
b3fb0d3abaea569216edbf0f3668a370b1542f37,ModifiedOptionConflict,7849cd5846c5f5278d24773a14ec4db5,d3::::package.json::::dependencies::::d3-format::::1 <-> d3::::package.json::::devDependencies::::rollup::::1
39154c570116ca4c6972a7fa2d29e0b82b187728,ModifiedOptionConflict,66052977fbef3444c4425ad2a50c0ed1,d3::::package.json::::dependencies::::d3-dsv::::1.0.5 <-> d3::::package.json::::dependencies::::d3-path::::1.0.5
a4a7b4596f398a3ce33ef764ab7518aa44ea0c96,ModifiedOptionConflict,8649763f82a16d422aa9415239b5e6df,d3::::package.json::::dependencies::::d3-dsv::::0.2.0 <-> d3::::package.json::::dependencies::::d3-timer::::0.2.0
d6765d8f96bea81134c4a9847ff4aa39c63fa420,ModifiedOptionConflict,7b738d3601594d17fb67469626c3a633,d3::::package.json::::dependencies::::d3-force::::0.6.0 <-> d3::::package.json::::dependencies::::d3-shape::::0.6.0
854e7458c899fed62dbeae4d2a8c750a12fa0441,ModifiedOptionConflict,5b68f8fd23e5057a876a956a42009b26,d3::::package.json::::dependencies::::d3-brush::::1.0.3 <-> d3::::package.json::::dependencies::::d3-dsv::::1.0.3
5d399966bdbe58f0e5249c28b92454df0946fa39,ModifiedOptionConflict,2a3e9b6fc25e670787add1ad187796d0,d3::::package.json::::dependencies::::d3-array::::1.2.0 <-> d3::::package.json::::dependencies::::d3-zoom::::1.2.0
2b0e668d9ba9be5ae44b0df446f09e5805c9ddd9,ModifiedOptionConflict,2b835342b61546aaa73286057ae92db7,d3::::package.json::::dependencies::::d3-axis::::1.0.1 <-> d3::::package.json::::dependencies::::d3-hierarchy::::1.0.1
1ba48dc33949b93018112b033d85be1c40d1fc04,ModifiedOptionConflict,2698bda2821989b79856b13fba606f50,d3::::package.json::::dependencies::::d3-time-format::::3 <-> d3::::package.json::::devDependencies::::rollup-plugin-node-resolve::::3
d030eee80e9102e46e411688a69b7f8168345bf9,MissingOptionConflict,0a8a56bb24236d09b09e585a198902ce,d3::::package.json::::jam::::main::::d3.js <-> d3::::package.json::::main::::d3.js
9977983f8df4528a87a6dba05d64842b6c692d01,MissingOptionConflict,f9b285aae26c3b81451c0585350542d7,d3::::package.json::::browserify::::d3.js <-> d3::::package.json::::spm::::main::::d3.js
3896582667ec03a52efe847fd05c34cb12cd2bfe,ModifiedOptionConflict,e4ee9bffdd9ede971d579d687411be2e,d3::::package.json::::dependencies::::d3-axis::::0.3.0 <-> d3::::package.json::::dependencies::::d3-dsv::::0.3.0
351d8eba76437da47062906e91750ad0ac20c439,ModifiedOptionConflict,c18eae65a665d44d0c845688da3a2289,d3::::package.json::::dependencies::::d3-quadtree::::>=2.0.0-rc.1 <-> d3::::package.json::::dependencies::::d3-transition::::>=2.0.0-rc.1
5d399966bdbe58f0e5249c28b92454df0946fa39,ModifiedOptionConflict,eb97bf3e015ed3778b3ed5118b904b2c,d3::::package.json::::dependencies::::d3-drag::::1.1.0 <-> d3::::package.json::::dependencies::::d3-selection::::1.1.0
5ae7fda4b3d5e249c46fa7350f1af779c5eec499,ModifiedOptionConflict,b634adae517220e03206a5cb61034ff5,d3::::package.json::::dependencies::::d3-dsv::::1.0.0 <-> d3::::package.json::::dependencies::::d3-shape::::1.0.0
1ba48dc33949b93018112b033d85be1c40d1fc04,ModifiedOptionConflict,040ab0dadc57db1f7c0e12031a17d827,d3::::package.json::::dependencies::::d3-hierarchy::::2 <-> d3::::package.json::::dependencies::::d3-scale-chromatic::::2
23b0212743d22e2dea3e20163980b37e78b2a25b,ModifiedOptionConflict,3b8e89317338364a8b484a1e8dfb58c0,d3::::package.json::::dependencies::::d3-drag::::2 <-> d3::::package.json::::devDependencies::::rollup::::2
23b0212743d22e2dea3e20163980b37e78b2a25b,ModifiedOptionConflict,5be4a1a11d6547a0abfeff55ee12a40a,d3::::package.json::::dependencies::::d3-time::::2 <-> d3::::package.json::::devDependencies::::rollup::::2
2b0e668d9ba9be5ae44b0df446f09e5805c9ddd9,ModifiedOptionConflict,892b97ede8f2cc9191363eb41ced107c,d3::::package.json::::dependencies::::d3-axis::::1.0.1 <-> d3::::package.json::::dependencies::::d3-format::::1.0.1
23b0212743d22e2dea3e20163980b37e78b2a25b,ModifiedOptionConflict,1837884ef358c16b1782a855dec14dcd,d3::::package.json::::dependencies::::d3-zoom::::2 <-> d3::::package.json::::devDependencies::::rollup::::2
907a4255ec94d6d764ebc6a68e705799dd292d6b,ModifiedOptionConflict,0f3ecfacb122492305cdff095f2e2016,d3::::package.json::::dependencies::::d3-hierarchy::::0.3.0 <-> d3::::package.json::::dependencies::::d3-transition::::0.3.0
5fbfc8c07ae93adbfcafe3139fc0dc019dd013bc,MissingOptionConflict,caae40ace040cad6867913c06ebc184b,d3::::package.json::::dependencies::::d3-queue::::3 <-> d3::::package.json::::devDependencies::::rollup-plugin-node-resolve::::3
b3fb0d3abaea569216edbf0f3668a370b1542f37,ModifiedOptionConflict,960e79df20fd7c601b07ed62be1dd40f,d3::::package.json::::dependencies::::d3-hierarchy::::1 <-> d3::::package.json::::devDependencies::::rollup::::1
20a69e7d2bb9df02207de797c7bb870799f12770,ModifiedOptionConflict,db4ee16925e9f76b2eba149732da85a6,d3::::package.json::::dependencies::::d3-collection::::1.0.1 <-> d3::::package.json::::dependencies::::d3-transition::::1.0.1
907a4255ec94d6d764ebc6a68e705799dd292d6b,ModifiedOptionConflict,9da041567adcab033e92e4b38f1aa2f6,d3::::package.json::::dependencies::::d3-hierarchy::::0.3.0 <-> d3::::package.json::::dependencies::::d3-polygon::::0.3.0
0700ba1452dab0a851d05a411f6e4a5384770e22,ModifiedOptionConflict,83dc3c34322db7d80b6433eafc1d9a55,d3::::package.json::::dependencies::::d3-timer::::1.0.3 <-> d3::::package.json::::dependencies::::d3-transition::::1.0.3
0a58fc3b2134a4520121eb064502b899440eeeeb,ModifiedOptionConflict,aa3856db334fa177aa98ffcf4255ef51,d3::::package.json::::dependencies::::d3-dsv::::1.0.5 <-> d3::::package.json::::dependencies::::d3-selection::::1.0.5
b3fb0d3abaea569216edbf0f3668a370b1542f37,ModifiedOptionConflict,50634c245e6524525dffd5bd4127fc91,d3::::package.json::::dependencies::::d3-axis::::1 <-> d3::::package.json::::devDependencies::::rollup::::1
23b0212743d22e2dea3e20163980b37e78b2a25b,ModifiedOptionConflict,05f53f3aa66799fe4b02e134bf0dd745,d3::::package.json::::dependencies::::d3-interpolate::::2 <-> d3::::package.json::::devDependencies::::rollup::::2
bf95c3efe72c94a260fe0c5964bd4db2b339fb23,ModifiedOptionConflict,11395e69555b7213ef6ca4ba1e066a99,d3::::package.json::::dependencies::::d3-ease::::0.7.0 <-> d3::::package.json::::dependencies::::d3-interpolate::::0.7.0
2e40081652be42e86aa5aeaff48e68ec3d3ff5f4,ModifiedOptionConflict,ef1afa5aadb9429a18512166c66fb032,d3::::package.json::::dependencies::::d3-force::::0.4.1 <-> d3::::package.json::::dependencies::::d3-timer::::0.4.1
6c71e02d3ad58fb3b947735e7d0e58c2d0ae595a,ModifiedOptionConflict,f5a35b9c73133e4f95330cc49f78ce8c,d3::::package.json::::dependencies::::d3-scale::::3 <-> d3::::package.json::::devDependencies::::rollup-plugin-node-resolve::::3
189c1b33a52fef556dcb0de2d0e80863108032d2,ModifiedOptionConflict,f9d1ac951111d2201e91667b23721a09,d3::::package.json::::dependencies::::d3-array::::0.7.1 <-> d3::::package.json::::dependencies::::d3-quadtree::::0.7.1
b3fb0d3abaea569216edbf0f3668a370b1542f37,ModifiedOptionConflict,ec611ead22ba56275f250b4abbbff5d2,d3::::package.json::::dependencies::::d3-contour::::1 <-> d3::::package.json::::devDependencies::::rollup::::1
907a4255ec94d6d764ebc6a68e705799dd292d6b,ModifiedOptionConflict,c8d298e51e82121ca76c5e2a4bbb1833,d3::::package.json::::dependencies::::d3-drag::::0.3.0 <-> d3::::package.json::::dependencies::::d3-hierarchy::::0.3.0
5d399966bdbe58f0e5249c28b92454df0946fa39,ModifiedOptionConflict,fe658c2ff58111f2ec9718260a71df75,d3::::package.json::::dependencies::::d3-collection::::1.0.3 <-> d3::::package.json::::dependencies::::d3-ease::::1.0.3
b3fb0d3abaea569216edbf0f3668a370b1542f37,ModifiedOptionConflict,f4e8f96f96def917ac8c836d74e5884e,d3::::package.json::::dependencies::::d3-zoom::::1 <-> d3::::package.json::::devDependencies::::rollup::::1
bf95c3efe72c94a260fe0c5964bd4db2b339fb23,ModifiedOptionConflict,c2a36026b01cfa38df02edd911c21556,d3::::package.json::::dependencies::::d3-collection::::0.1.2 <-> d3::::package.json::::dependencies::::d3-drag::::0.1.2
b3fb0d3abaea569216edbf0f3668a370b1542f37,ModifiedOptionConflict,606c5736fe0f05e879661de7f9d817f2,d3::::package.json::::dependencies::::d3-time::::1 <-> d3::::package.json::::devDependencies::::rollup::::1
20a69e7d2bb9df02207de797c7bb870799f12770,ModifiedOptionConflict,15ba1ac6c46c7ce902fa19d941b27002,d3::::package.json::::dependencies::::d3-selection::::1.0.2 <-> d3::::package.json::::dependencies::::d3-timer::::1.0.2
1ba48dc33949b93018112b033d85be1c40d1fc04,ModifiedOptionConflict,c23f61c85824be08897ae529dc1e08d8,d3::::package.json::::dependencies::::d3-array::::2 <-> d3::::package.json::::dependencies::::d3-axis::::2
0a58fc3b2134a4520121eb064502b899440eeeeb,ModifiedOptionConflict,1f0212fe21c9581eb9bfeba6a0d2fa55,d3::::package.json::::dependencies::::d3-brush::::1.0.4 <-> d3::::package.json::::dependencies::::d3-drag::::1.0.4
b3fb0d3abaea569216edbf0f3668a370b1542f37,ModifiedOptionConflict,dcc8ff48d2030e95eaa708ce2ed8aa70,d3::::package.json::::dependencies::::d3-dsv::::1 <-> d3::::package.json::::devDependencies::::rollup::::1
b3fb0d3abaea569216edbf0f3668a370b1542f37,ModifiedOptionConflict,de1b8c93048683ed0e2f5bdb1ff68db8,d3::::package.json::::dependencies::::d3-interpolate::::1 <-> d3::::package.json::::devDependencies::::rollup::::1
28491606a8a9aae41c15f4bc87850c732d7cd4d8,ModifiedOptionConflict,07498c6a81645f07a47e4bdac546471b,d3::::package.json::::dependencies::::d3-dispatch::::0.2.5 <-> d3::::package.json::::dependencies::::d3-request::::0.2.5
23b0212743d22e2dea3e20163980b37e78b2a25b,ModifiedOptionConflict,1c89756f6f495ae1230e97469590404b,d3::::package.json::::dependencies::::d3-hierarchy::::2 <-> d3::::package.json::::devDependencies::::rollup::::2
907a4255ec94d6d764ebc6a68e705799dd292d6b,ModifiedOptionConflict,81246fea92f1ca9ab8c8f1775c53706a,d3::::package.json::::dependencies::::d3-hierarchy::::0.3.0 <-> d3::::package.json::::dependencies::::d3-random::::0.3.0
0a58fc3b2134a4520121eb064502b899440eeeeb,ModifiedOptionConflict,d373659759783d83062a140fe2ad2b16,d3::::package.json::::dependencies::::d3-axis::::1.0.6 <-> d3::::package.json::::dependencies::::d3-force::::1.0.6
351d8eba76437da47062906e91750ad0ac20c439,ModifiedOptionConflict,309737e505248e1b2b879e9f87831482,d3::::package.json::::dependencies::::d3-array::::2 <-> d3::::package.json::::devDependencies::::rimraf::::2
b3fb0d3abaea569216edbf0f3668a370b1542f37,ModifiedOptionConflict,5ea92969064c2822979bd84446dd123e,d3::::package.json::::dependencies::::d3-force::::1 <-> d3::::package.json::::devDependencies::::rollup::::1
0a58fc3b2134a4520121eb064502b899440eeeeb,ModifiedOptionConflict,da843c3555a2ee9b672dc15721b7c45c,d3::::package.json::::dependencies::::d3-brush::::1.0.4 <-> d3::::package.json::::dependencies::::d3-transition::::1.0.4
23b0212743d22e2dea3e20163980b37e78b2a25b,ModifiedOptionConflict,0812f49796924ace96c5ea7af446a8f7,d3::::package.json::::dependencies::::d3-force::::2 <-> d3::::package.json::::devDependencies::::rollup::::2
2b0e668d9ba9be5ae44b0df446f09e5805c9ddd9,ModifiedOptionConflict,8e2e33c5c337bf3f015372c8a3f9a954,d3::::package.json::::dependencies::::d3-axis::::1.0.1 <-> d3::::package.json::::dependencies::::d3-timer::::1.0.1
39154c570116ca4c6972a7fa2d29e0b82b187728,ModifiedOptionConflict,578898e9de23691e7095124ee9107a67,d3::::package.json::::dependencies::::d3-dsv::::1.0.5 <-> d3::::package.json::::dependencies::::d3-request::::1.0.5
23b0212743d22e2dea3e20163980b37e78b2a25b,MissingOptionConflict,ec26eaad946bb3afaba79b886bd08db6,d3::::package.json::::devDependencies::::json2module::::0.0 <-> d3::::package.json::::devDependencies::::rollup-plugin-ascii::::0.0
23b0212743d22e2dea3e20163980b37e78b2a25b,ModifiedOptionConflict,966395a102bde0655b8e38043e715221,d3::::package.json::::dependencies::::d3-fetch::::2 <-> d3::::package.json::::devDependencies::::rollup::::2
f7b9b35807690a077aeb35e8054e43a509878457,ModifiedOptionConflict,ecaa327553983e4fdfcf7f6638f13cbb,d3::::package.json::::devDependencies::::rimraf::::2 <-> d3::::package.json::::devDependencies::::uglify-js::::2
7c26322f324f24833158ddb8f3a4f30cf7acb086,ModifiedOptionConflict,30a875b9c4cae04a9d506da0ad630b1b,d3::::package.json::::dependencies::::d3-axis::::0.2.1 <-> d3::::package.json::::dependencies::::d3-voronoi::::0.2.1
351d8eba76437da47062906e91750ad0ac20c439,ModifiedOptionConflict,dc150eb4d3353708164554eb44258906,d3::::package.json::::dependencies::::d3-geo::::>=2.0.0-rc.1 <-> d3::::package.json::::dependencies::::d3-scale-chromatic::::>=2.0.0-rc.1
907a4255ec94d6d764ebc6a68e705799dd292d6b,ModifiedOptionConflict,b9869d99edaee40922d0ffab95493107,d3::::package.json::::dependencies::::d3-ease::::0.8.0 <-> d3::::package.json::::dependencies::::d3-selection::::0.8.0
23b0212743d22e2dea3e20163980b37e78b2a25b,ModifiedOptionConflict,9a03d9eff42a17fc4a21deb2e85ded76,d3::::package.json::::dependencies::::d3-contour::::2 <-> d3::::package.json::::devDependencies::::rollup::::2
b3fb0d3abaea569216edbf0f3668a370b1542f37,ModifiedOptionConflict,fb62547a702852c0c1bb30b645cabb3e,d3::::package.json::::dependencies::::d3-ease::::1 <-> d3::::package.json::::devDependencies::::rollup::::1
23b0212743d22e2dea3e20163980b37e78b2a25b,ModifiedOptionConflict,5abd52f36b1d0d9ea65ab60bd1c2c87a,d3::::package.json::::dependencies::::d3-scale-chromatic::::2 <-> d3::::package.json::::devDependencies::::rollup::::2
b3fb0d3abaea569216edbf0f3668a370b1542f37,ModifiedOptionConflict,5ae05632fdcb1db9fd0c1006a78593a0,d3::::package.json::::dependencies::::d3-path::::1 <-> d3::::package.json::::devDependencies::::rollup::::1
1ba48dc33949b93018112b033d85be1c40d1fc04,ModifiedOptionConflict,5db35a05c13f668cfa2a808392093908,d3::::package.json::::dependencies::::d3-array::::2 <-> d3::::package.json::::dependencies::::d3-geo::::2
de649dd6a8455d9fe99c369a6390819ef5e644aa,ModifiedOptionConflict,bdf2ad3a1518ed06bcb7db9994834b25,d3::::package.json::::dependencies::::d3-delaunay::::5 <-> d3::::package.json::::devDependencies::::rollup-plugin-node-resolve::::5
b3fb0d3abaea569216edbf0f3668a370b1542f37,ModifiedOptionConflict,d9fb2cb59d81ecd6fe55973ad0236e9d,d3::::package.json::::dependencies::::d3-timer::::1 <-> d3::::package.json::::devDependencies::::rollup::::1
a1e813ab96b2338ca19d800a2ee9447f5d8aeb05,ModifiedOptionConflict,e5b0d87dfec4b783f897ba21496f77a3,d3::::package.json::::dependencies::::d3-selection::::1.1.0 <-> d3::::package.json::::dependencies::::d3-transition::::1.1.0
5ae7fda4b3d5e249c46fa7350f1af779c5eec499,ModifiedOptionConflict,8736a32a50dfe10624785ce9d9d6b93b,d3::::package.json::::dependencies::::d3-drag::::1.0.0 <-> d3::::package.json::::dependencies::::d3-hierarchy::::1.0.0
606771a290dbd88dda1bc63ed200f240346cedeb,ModifiedOptionConflict,ba19d78bae9a3db98937dc6835ca7794,d3::::package.json::::dependencies::::d3-quadtree::::0.2.1 <-> d3::::package.json::::dependencies::::d3-time::::0.2.1
b3fb0d3abaea569216edbf0f3668a370b1542f37,ModifiedOptionConflict,788d4bb95f116de68951e349bad9623b,d3::::package.json::::dependencies::::d3-geo::::1 <-> d3::::package.json::::devDependencies::::rollup::::1
a1e813ab96b2338ca19d800a2ee9447f5d8aeb05,ModifiedOptionConflict,62dec456e947776bac09a45b6e8f241a,d3::::package.json::::dependencies::::d3-hierarchy::::1.1.5 <-> d3::::package.json::::dependencies::::d3-interpolate::::1.1.5
23b0212743d22e2dea3e20163980b37e78b2a25b,ModifiedOptionConflict,6e2fdc412628f98336a3eb13fa184d5d,d3::::package.json::::dependencies::::d3-path::::2 <-> d3::::package.json::::devDependencies::::rollup::::2
8d9c8f641ef468b1ea8b17c11c523b0e8a5fff69,ModifiedOptionConflict,b6193bfae50949cee7068fa225a72cf0,d3::::package.json::::dependencies::::d3-request::::1.0.0 <-> d3::::package.json::::dependencies::::d3-shape::::1.0.0
c750efd7a66a87a1c36b2485a1ab7d9cd201abc7,ModifiedOptionConflict,e94b1e5fb6e572dc6870a67cc8c8c87e,d3::::package.json::::dependencies::::d3-random::::0.2.1 <-> d3::::package.json::::dependencies::::d3-transition::::0.2.1
e40f18ad2571b87929a79e8e2b4a3f216dfcad85,ModifiedOptionConflict,4a777670a792dc44f2c6b21f76cbfd62,d3::::package.json::::dependencies::::d3-shape::::0.3.0 <-> d3::::package.json::::dependencies::::d3-time-format::::0.3.0
b3fb0d3abaea569216edbf0f3668a370b1542f37,ModifiedOptionConflict,c58eb00fdd8ce4dcaa60deca27567e89,d3::::package.json::::dependencies::::d3-transition::::1 <-> d3::::package.json::::devDependencies::::rollup::::1
2cdf7059c47788c600dfff27057ae46c8ae68808,ModifiedOptionConflict,d94023fb7be64ff475d55b906f177bc7,d3::::package.json::::devDependencies::::rollup-plugin-node-resolve::::3 <-> d3::::package.json::::devDependencies::::uglify-js::::3
5d399966bdbe58f0e5249c28b92454df0946fa39,ModifiedOptionConflict,0da25f5b42f5fbfb1cc507fcff0f29c5,d3::::package.json::::dependencies::::d3-scale::::1.0.6 <-> d3::::package.json::::dependencies::::d3-time::::1.0.6
a1e813ab96b2338ca19d800a2ee9447f5d8aeb05,ModifiedOptionConflict,158355e23d219ec30e721e9010c78584,d3::::package.json::::dependencies::::d3-time::::1.0.7 <-> d3::::package.json::::dependencies::::d3-timer::::1.0.7
1ba48dc33949b93018112b033d85be1c40d1fc04,ModifiedOptionConflict,0645e1b05eecd0c1f8aa789d1d6ad990,d3::::package.json::::dependencies::::d3-chord::::2 <-> d3::::package.json::::devDependencies::::rimraf::::2
ed8e161b981227517940bc4aa93ee9cef5fcd0d1,ModifiedOptionConflict,3db7d240e9452da365eaa41be9b6ca7a,d3::::package.json::::dependencies::::d3-time::::0.2.4 <-> d3::::package.json::::dependencies::::d3-transition::::0.2.4
1ba48dc33949b93018112b033d85be1c40d1fc04,ModifiedOptionConflict,034724f46a72d01abd0b22b17a7d70d1,d3::::package.json::::dependencies::::d3-array::::2 <-> d3::::package.json::::dependencies::::d3-contour::::2
907a4255ec94d6d764ebc6a68e705799dd292d6b,ModifiedOptionConflict,b0472c50eb13e0c56d092b7b96babf51,d3::::package.json::::dependencies::::d3-random::::0.3.0 <-> d3::::package.json::::dependencies::::d3-zoom::::0.3.0
0a58fc3b2134a4520121eb064502b899440eeeeb,ModifiedOptionConflict,40434c53886e34575ac0423c4a3b30e5,d3::::package.json::::devDependencies::::package-preamble::::0.0 <-> d3::::package.json::::devDependencies::::rollup-plugin-ascii::::0.0
de649dd6a8455d9fe99c369a6390819ef5e644aa,ModifiedOptionConflict,7793d2d7352ea5d1762cd2263c41a707,d3::::package.json::::dependencies::::d3-time-format::::3 <-> d3::::package.json::::devDependencies::::rimraf::::3
20a69e7d2bb9df02207de797c7bb870799f12770,ModifiedOptionConflict,87de91255f3d6d06f72b310f4d3d4758,d3::::package.json::::dependencies::::d3-path::::1.0.1 <-> d3::::package.json::::dependencies::::d3-polygon::::1.0.1
23b0212743d22e2dea3e20163980b37e78b2a25b,ModifiedOptionConflict,77c965f1f10ff01ae565e874bd5ceebb,d3::::package.json::::dependencies::::d3-selection::::2 <-> d3::::package.json::::devDependencies::::rollup::::2
907a4255ec94d6d764ebc6a68e705799dd292d6b,ModifiedOptionConflict,c0ee0d9a24b0942b06420cca95967e2c,d3::::package.json::::dependencies::::d3-interpolate::::0.9.0 <-> d3::::package.json::::dependencies::::d3-scale::::0.9.0
2b0e668d9ba9be5ae44b0df446f09e5805c9ddd9,ModifiedOptionConflict,526d0149db2d10e575e936420728ce74,d3::::package.json::::dependencies::::d3-axis::::1.0.1 <-> d3::::package.json::::dependencies::::d3-chord::::1.0.1
eb2e0b8a50d1aca16ed33b37a444f85fa785d9af,MissingOptionConflict,99b84a29787106a094c36f1ff48be28b,d3::::package.json::::browser::::d3.js <-> d3::::package.json::::main::::d3.js
07f0cd19f80dfaab540c63203c9f5a1164fb75f2,ModifiedOptionConflict,43f732050efc192d3cf45e30c3eab43c,d3::::package.json::::dependencies::::d3-interpolate::::1.0.0 <-> d3::::package.json::::dependencies::::d3-request::::1.0.0
1c32d23fa4d113b37dd76642b1a8cae4c0b5aba8,MissingOptionConflict,b7881717f6d87ef05daf60c5038ee008,d3::::package.json::::jam::::shim::::exports::::d3 <-> d3::::package.json::::name::::d3
21b6f2b49e8f343de37dbddcf0130ddb97302e66,ModifiedOptionConflict,1eb8a5f2f9857ee77e2ef4bb07b7dc75,d3::::package.json::::dependencies::::d3-dispatch::::1.0.0 <-> d3::::package.json::::dependencies::::d3-time-format::::1.0.0
9c7f52429e0e9f1c8e4d9c516d80a63c5d1456a0,ModifiedOptionConflict,ec2fae0f12080d3c78e0e24bf709a59b,d3::::package.json::::dependencies::::d3-force::::1.0.2 <-> d3::::package.json::::dependencies::::d3-format::::1.0.2
eadbaf3c1d41e9237d568bc64446f8a6ea2d398d,ModifiedOptionConflict,b925e798d5ca3a3771fc66974f3e5bcc,d3::::package.json::::dependencies::::d3-axis::::1.0.4 <-> d3::::package.json::::dependencies::::d3-timer::::1.0.4
5ae7fda4b3d5e249c46fa7350f1af779c5eec499,ModifiedOptionConflict,68d70108c0e41f4b15b1cbe7c258654a,d3::::package.json::::dependencies::::d3-polygon::::1.0.0 <-> d3::::package.json::::dependencies::::d3-time::::1.0.0
19c59bab6180c36b8d8bffcbf81f54f3ca09fc8e,ModifiedOptionConflict,00ebde7e317190e5c0795b5524c80a88,d3::::package.json::::dependencies::::d3-selection::::1.2.0 <-> d3::::package.json::::dependencies::::d3-shape::::1.2.0
b3fb0d3abaea569216edbf0f3668a370b1542f37,ModifiedOptionConflict,d5dbd1ab2c7c3013cadc32dbf27096ec,d3::::package.json::::dependencies::::d3-time-format::::2 <-> d3::::package.json::::devDependencies::::rimraf::::2
23b0212743d22e2dea3e20163980b37e78b2a25b,ModifiedOptionConflict,945e3ab5a626f45f167b244ffb779ca4,d3::::package.json::::dependencies::::d3-format::::2 <-> d3::::package.json::::devDependencies::::rollup::::2
bf95c3efe72c94a260fe0c5964bd4db2b339fb23,ModifiedOptionConflict,641ab5f686c2acbc5e63af0f6e33bfc9,d3::::package.json::::dependencies::::d3-time-format::::0.3.2 <-> d3::::package.json::::dependencies::::d3-voronoi::::0.3.2
2b0e668d9ba9be5ae44b0df446f09e5805c9ddd9,ModifiedOptionConflict,f1caa9d0a37a43094846ef36b9e9153e,d3::::package.json::::dependencies::::d3-axis::::1.0.1 <-> d3::::package.json::::dependencies::::d3-time::::1.0.1
5ae7fda4b3d5e249c46fa7350f1af779c5eec499,ModifiedOptionConflict,4d288a280fff0bd43dbf92dcceec8511,d3::::package.json::::dependencies::::d3-axis::::1.0.0 <-> d3::::package.json::::dependencies::::d3-collection::::1.0.0
1ba48dc33949b93018112b033d85be1c40d1fc04,ModifiedOptionConflict,6b10cff9d52843b3c299c01df0a9920f,d3::::package.json::::dependencies::::d3-scale::::3 <-> d3::::package.json::::devDependencies::::rollup-plugin-node-resolve::::3
5ae7fda4b3d5e249c46fa7350f1af779c5eec499,ModifiedOptionConflict,c6697e46aea98fe7c406e1ae537f365a,d3::::package.json::::dependencies::::d3-chord::::1.0.0 <-> d3::::package.json::::dependencies::::d3-drag::::1.0.0
b3fb0d3abaea569216edbf0f3668a370b1542f37,ModifiedOptionConflict,269896b0d603cd5d7f4d4d290af45ad5,d3::::package.json::::dependencies::::d3-brush::::1 <-> d3::::package.json::::devDependencies::::rollup::::1
c22314f2f82805d1b22560fb7fd232d1c951d63d,ModifiedOptionConflict,4d2bfb8853f0791f8c39b84c6353dcbc,d3::::package.json::::dependencies::::d3-ease::::0.5.1 <-> d3::::package.json::::dependencies::::d3-selection::::0.5.1
1ba48dc33949b93018112b033d85be1c40d1fc04,ModifiedOptionConflict,e4f3e313240ec5cac0021f0be5e2e13e,d3::::package.json::::dependencies::::d3-array::::2 <-> d3::::package.json::::dependencies::::d3-dispatch::::2
189c1b33a52fef556dcb0de2d0e80863108032d2,ModifiedOptionConflict,d38687d3bbd1e9c5046b3b4ba6c74b72,d3::::package.json::::dependencies::::d3-axis::::0.3.1 <-> d3::::package.json::::dependencies::::d3-time-format::::0.3.1
23b0212743d22e2dea3e20163980b37e78b2a25b,ModifiedOptionConflict,a78c1d767f27ec590b1fa3c884ac38e6,d3::::package.json::::dependencies::::d3-ease::::2 <-> d3::::package.json::::devDependencies::::rollup::::2
42e072c99c07a0fe105d49dbecf0d09d077569cd,ModifiedOptionConflict,f18280fa8cf7a9a76883a24e745b5462,d3::::package.json::::dependencies::::d3-request::::1.0.2 <-> d3::::package.json::::dependencies::::d3-transition::::1.0.2
8a775aa493eb4d9dfdffbdb5a7d3a661c70529b3,ModifiedOptionConflict,9abe06470a9724cc12c0d0bbb5a82554,d3::::package.json::::dependencies::::d3-time::::0.2.5 <-> d3::::package.json::::dependencies::::d3-transition::::0.2.5
0a58fc3b2134a4520121eb064502b899440eeeeb,ModifiedOptionConflict,451add138d5509f5cb37514f8849921e,d3::::package.json::::dependencies::::d3-dsv::::1.0.5 <-> d3::::package.json::::dependencies::::d3-scale::::1.0.5
5d1d48d932971a77967b82e0c3674b81a8674acd,ModifiedOptionConflict,3d748fd71c68be42874de21413530dbd,d3::::package.json::::dependencies::::d3-color::::0.4.2 <-> d3::::package.json::::dependencies::::d3-dispatch::::0.4.2
23b0212743d22e2dea3e20163980b37e78b2a25b,ModifiedOptionConflict,4f7e62113ac744b6484d1d0e4b3e3c1c,d3::::package.json::::dependencies::::d3-quadtree::::2 <-> d3::::package.json::::devDependencies::::rollup::::2
b3fb0d3abaea569216edbf0f3668a370b1542f37,ModifiedOptionConflict,d680aee71c6b530124d0191edc899da5,d3::::package.json::::dependencies::::d3-fetch::::1 <-> d3::::package.json::::devDependencies::::rollup::::1
748cf5245fe1c74a41d86be565a59bd851b91714,ModifiedOptionConflict,ab44fb9e18cd7794eba44a384ed9d313,d3::::package.json::::dependencies::::d3-format::::1.0.2 <-> d3::::package.json::::dependencies::::d3-selection::::1.0.2
748cf5245fe1c74a41d86be565a59bd851b91714,ModifiedOptionConflict,db44ea7bbf971960be165b5de9db18a9,d3::::package.json::::dependencies::::d3-chord::::1.0.2 <-> d3::::package.json::::dependencies::::d3-format::::1.0.2
1ba48dc33949b93018112b033d85be1c40d1fc04,ModifiedOptionConflict,f1b70a37e5d8bff65a699187662a3bf7,d3::::package.json::::dependencies::::d3-array::::2 <-> d3::::package.json::::dependencies::::d3-color::::2
849137764cc7327edc754058d41c43f7bc8d866d,ModifiedOptionConflict,6324188bf2bd7960a114c80c848188cd,d3::::package.json::::dependencies::::d3-color::::0.4.1 <-> d3::::package.json::::dependencies::::d3-request::::0.4.1
b3fb0d3abaea569216edbf0f3668a370b1542f37,ModifiedOptionConflict,56422b54581787d89bbe1b5bb50de510,d3::::package.json::::dependencies::::d3-scale-chromatic::::1 <-> d3::::package.json::::devDependencies::::rollup::::1
748cf5245fe1c74a41d86be565a59bd851b91714,ModifiedOptionConflict,d5bd487d804f4a18201c86aedd8cb6fb,d3::::package.json::::dependencies::::d3-format::::1.0.2 <-> d3::::package.json::::dependencies::::d3-path::::1.0.2
1e7a0cf34e8771201342b770da0e72be448f5c52,ModifiedOptionConflict,364737bf4e4f65ed38c622a3c4adfe7b,d3::::package.json::::browser::::d3.js <-> d3::::package.json::::main::::d3.js
31c15683516013b0e7fcb54908701668a0f8872b,ModifiedOptionConflict,940e0182a7288d0c2b945e880fa81d6e,d3::::package.json::::dependencies::::d3-dsv::::0.2.0 <-> d3::::package.json::::dependencies::::d3-transition::::0.2.0
748cf5245fe1c74a41d86be565a59bd851b91714,ModifiedOptionConflict,6ba4f0f1ecbc29962a1fff3026543d2b,d3::::package.json::::dependencies::::d3-format::::1.0.2 <-> d3::::package.json::::dependencies::::d3-hierarchy::::1.0.2
2b0e668d9ba9be5ae44b0df446f09e5805c9ddd9,ModifiedOptionConflict,ab795e2e404fb84d312007d432686d65,d3::::package.json::::dependencies::::d3-axis::::1.0.1 <-> d3::::package.json::::dependencies::::d3-selection::::1.0.1
734620ee92e26ed2e8cf87881624faeffdd7ff88,ModifiedOptionConflict,cb514ac274c8f422ccd5ee008c4370b3,d3::::package.json::::dependencies::::d3-time-format::::0.3.1 <-> d3::::package.json::::dependencies::::d3-voronoi::::0.3.1
748cf5245fe1c74a41d86be565a59bd851b91714,ModifiedOptionConflict,4cdafe34c536d97e2c187df4a601b3f9,d3::::package.json::::dependencies::::d3-transition::::1.0.3 <-> d3::::package.json::::dependencies::::d3-zoom::::1.0.3
