occurred_at;prev_commit;conflict_id;conflict_type;config_types;link;changed_artifact;changed_option;cmd;rating;notes
4c882c54d69b1a6bbf63a6ad0a6fbbeee9ab8ec2;ef5e6051511acea857814b9e4af5d9db82c0c3b9;b57041cb99a4d03fc3b21599002a014b;ModifiedOptionConflict;ConfigType.VERSION_NUMBER<->ConfigType.VERSION_NUMBER;gatsby::::packages/babel-plugin-remove-graphql-queries/package.json::::version::::version:4.15.0-next.1 <-> gatsby::::packages/gatsby-plugin-sharp/package.json::::version::::version:4.15.0-next.1;packages/gatsby-plugin-sharp/package.json;gatsby::::packages/gatsby-plugin-sharp/package.json::::version(location: 4);git show 4c882c54d69b1a6bbf63a6ad0a6fbbeee9ab8ec2 -- packages/gatsby-plugin-sharp/package.json;yes;file version changed
6121bb0668a0d5082ddd96bd1c9bb30d11f8de28;35af0a4b1cf151462905c1f23b84ebf2b295fc81;fef5632fc1fa4e93d48542b4f305163a;ModifiedOptionConflict;ConfigType.VERSION_NUMBER<->ConfigType.VERSION_NUMBER;gatsby::::packages/gatsby-graphiql-explorer/package.json::::devDependencies::::react-dom::::react-dom:^16.8.6 <-> gatsby::::themes/gatsby-theme-blog/package.json::::peerDependencies::::react-dom::::react-dom:^16.8.6;packages/gatsby-graphiql-explorer/package.json;gatsby::::packages/gatsby-graphiql-explorer/package.json::::devDependencies::::react-dom(location: 49);git show 6121bb0668a0d5082ddd96bd1c9bb30d11f8de28 -- packages/gatsby-graphiql-explorer/package.json;yes;library version changed
899358297bc6c4ec9df54d75acc9f7afecb5adc9;b2f240888b10f6b91ab174ab106ff0db6c89f776;f1879a8e2872976b0ffc40c7ab3644ec;ModifiedOptionConflict;ConfigType.VERSION_NUMBER<->ConfigType.VERSION_NUMBER;gatsby::::packages/gatsby-plugin-postcss/package.json::::devDependencies::::@babel/core::::@babel/core:7.0.0-beta.51 <-> gatsby::::packages/gatsby-plugin-stylus/package.json::::devDependencies::::@babel/core::::@babel/core:7.0.0-beta.51;packages/gatsby-plugin-stylus/package.json;gatsby::::packages/gatsby-plugin-stylus/package.json::::devDependencies::::@babel/core(location: 16);git show 899358297bc6c4ec9df54d75acc9f7afecb5adc9 -- packages/gatsby-plugin-stylus/package.json;yes;library version changed
499301395ccbb1e2045d2908798c530fc0094194;4b36f97823704898599efdaba9112bad8d1a3a61;3bfb55943c0f406b36e7573ed9fdc83c;ModifiedOptionConflict;ConfigType.VERSION_NUMBER<->ConfigType.VERSION_NUMBER;gatsby::::packages/gatsby-plugin-sitemap/package.json::::version::::version:2.2.0 <-> gatsby::::packages/gatsby-transformer-json/package.json::::version::::version:2.2.0;packages/gatsby-plugin-sitemap/package.json;gatsby::::packages/gatsby-plugin-sitemap/package.json::::version(location: 4);git show 499301395ccbb1e2045d2908798c530fc0094194 -- packages/gatsby-plugin-sitemap/package.json;yes;file version changed
912ec42b56ebd1aafd5fc7b7f2bb2a02f116c594;06cb4d7718f5715a97bb4b6335af6af50033c39f;3b3a7a28a286277b1a50be22f970d90c;ModifiedOptionConflict;ConfigType.VERSION_NUMBER<->ConfigType.VERSION_NUMBER;gatsby::::packages/gatsby-design-tokens/package.json::::version::::version:3.3.0-next.0 <-> gatsby::::packages/gatsby-transformer-javascript-frontmatter/package.json::::version::::version:3.3.0-next.0;packages/gatsby-transformer-javascript-frontmatter/package.json;gatsby::::packages/gatsby-transformer-javascript-frontmatter/package.json::::version(location: 4);git show 912ec42b56ebd1aafd5fc7b7f2bb2a02f116c594 -- packages/gatsby-transformer-javascript-frontmatter/package.json;yes;file version changed
8244a911a1e8fd6fdbc45112f87bb523be3697a3;508bb0ad33f5bc2545ab54cdb6e304461db30f70;011ee97666ca93d291b8e65001b7d44c;ModifiedOptionConflict;ConfigType.VERSION_NUMBER<->ConfigType.VERSION_NUMBER;gatsby::::packages/gatsby-transformer-sqip/package.json::::dependencies::::gatsby-plugin-sharp::::gatsby-plugin-sharp:^2.3.4 <-> gatsby::::starters/default/package.json::::dependencies::::gatsby-plugin-sharp::::gatsby-plugin-sharp:^2.3.4;packages/gatsby-transformer-sqip/package.json;gatsby::::packages/gatsby-transformer-sqip/package.json::::dependencies::::gatsby-plugin-sharp(location: 13);git show 8244a911a1e8fd6fdbc45112f87bb523be3697a3 -- packages/gatsby-transformer-sqip/package.json;yes;library version changed
2075cbaa18414d5010428d5811e2d4b437ff1ca4;109220482f900e3786214d9978b553eafb5e2031;d50d228e698bb6f70852b16a7f1a2345;ModifiedOptionConflict;ConfigType.VERSION_NUMBER<->ConfigType.VERSION_NUMBER;gatsby::::packages/gatsby-plugin-image/package.json::::peerDependencies::::@babel/core::::@babel/core:^7.12.3 <-> gatsby::::packages/gatsby-source-lever/package.json::::devDependencies::::@babel/core::::@babel/core:^7.12.3;packages/gatsby-source-lever/package.json;gatsby::::packages/gatsby-source-lever/package.json::::devDependencies::::@babel/core(location: 22);git show 2075cbaa18414d5010428d5811e2d4b437ff1ca4 -- packages/gatsby-source-lever/package.json;yes;library version changed
454c43f2873130a59b90ebbfc7ce75e6e4a7a44e;ad3d2e4d7a9bf6f8989eb9f46cd62d61e6bc8067;4c25da377a2f25e36cea6ee2d027beeb;ModifiedOptionConflict;ConfigType.VERSION_NUMBER<->ConfigType.VERSION_NUMBER;gatsby::::packages/gatsby-plugin-emotion/package.json::::devDependencies::::@babel/core::::@babel/core:^7.10.3 <-> gatsby::::packages/gatsby-transformer-remark/package.json::::devDependencies::::@babel/core::::@babel/core:^7.10.3;packages/gatsby-transformer-remark/package.json;gatsby::::packages/gatsby-transformer-remark/package.json::::devDependencies::::@babel/core(location: 34);git show 454c43f2873130a59b90ebbfc7ce75e6e4a7a44e -- packages/gatsby-transformer-remark/package.json;yes;library version changed
899358297bc6c4ec9df54d75acc9f7afecb5adc9;b2f240888b10f6b91ab174ab106ff0db6c89f776;71ea55c9f688aa5bda5fe74e3d6023c3;ModifiedOptionConflict;ConfigType.VERSION_NUMBER<->ConfigType.VERSION_NUMBER;gatsby::::packages/gatsby-cli/package.json::::devDependencies::::@babel/core::::@babel/core:7.0.0-beta.51 <-> gatsby::::packages/gatsby-plugin-typography/package.json::::devDependencies::::@babel/core::::@babel/core:7.0.0-beta.51;packages/gatsby-plugin-typography/package.json;gatsby::::packages/gatsby-plugin-typography/package.json::::devDependencies::::@babel/core(location: 14);git show 899358297bc6c4ec9df54d75acc9f7afecb5adc9 -- packages/gatsby-plugin-typography/package.json;yes;library version changed
912ec42b56ebd1aafd5fc7b7f2bb2a02f116c594;06cb4d7718f5715a97bb4b6335af6af50033c39f;589a28bf5a407510ba62a4d22a67e3ed;ModifiedOptionConflict;ConfigType.VERSION_NUMBER<->ConfigType.VERSION_NUMBER;gatsby::::packages/gatsby-plugin-coffeescript/package.json::::version::::version:3.3.0-next.0 <-> gatsby::::packages/gatsby-plugin-no-sourcemaps/package.json::::version::::version:3.3.0-next.0;packages/gatsby-plugin-coffeescript/package.json;gatsby::::packages/gatsby-plugin-coffeescript/package.json::::version(location: 4);git show 912ec42b56ebd1aafd5fc7b7f2bb2a02f116c594 -- packages/gatsby-plugin-coffeescript/package.json;yes;file version changed
143016fafd66e481b4bf05da5a48723082e34370;49c672961c13e1758bfe3831b4bfb8157fe1f891;400ff3d2c987b01b9f5220cd2e5fcbea;ModifiedOptionConflict;ConfigType.VERSION_NUMBER<->ConfigType.VERSION_NUMBER;gatsby::::packages/gatsby-remark-prismjs/package.json::::version::::version:3.5.1 <-> gatsby::::packages/gatsby-source-drupal/package.json::::version::::version:3.5.1;packages/gatsby-source-drupal/package.json;gatsby::::packages/gatsby-source-drupal/package.json::::version(location: 4);git show 143016fafd66e481b4bf05da5a48723082e34370 -- packages/gatsby-source-drupal/package.json;yes;file version changed
3d96961b2673e7f338eae8cb3258ae7f968a2f9d;06cf08629913137eca62b5c5199607bb196353a6;4fd7e958123b5aed074e6fab3d9a7e7e;ModifiedOptionConflict;ConfigType.VERSION_NUMBER<->ConfigType.VERSION_NUMBER;gatsby::::packages/gatsby-1-config-css-modules/package.json::::version::::version:1.0.10 <-> gatsby::::packages/gatsby-remark-code-repls/package.json::::version::::version:1.0.10;packages/gatsby-1-config-css-modules/package.json;gatsby::::packages/gatsby-1-config-css-modules/package.json::::version(location: 4);git show 3d96961b2673e7f338eae8cb3258ae7f968a2f9d -- packages/gatsby-1-config-css-modules/package.json;yes;file version changed
10af4cc7994349e6dc3509a1c20428e1af4f4bea;8921cdb7ef2cdad5107e2bace845d9bf714083b1;1562ac82ed964ad8f01ce1bb8000bf91;ModifiedOptionConflict;ConfigType.VERSION_NUMBER<->ConfigType.VERSION_NUMBER;gatsby::::packages/gatsby-transformer-json/package.json::::devDependencies::::cross-env::::cross-env:^5.2.0 <-> gatsby::::www/package.json::::devDependencies::::cross-env::::cross-env:^5.2.0;packages/gatsby-transformer-json/package.json;gatsby::::packages/gatsby-transformer-json/package.json::::devDependencies::::cross-env(location: 17);git show 10af4cc7994349e6dc3509a1c20428e1af4f4bea -- packages/gatsby-transformer-json/package.json;yes;library version changed
16a70c5ae6f44296a99959967f238c33387accd7;626695d2dbd35dc74ef3dac4c8497d1bab16178a;00ad680c3b60bfafa1e96089c71d3d17;ModifiedOptionConflict;ConfigType.VERSION_NUMBER<->ConfigType.VERSION_NUMBER;gatsby::::packages/gatsby-plugin-no-sourcemaps/package.json::::version::::version:3.8.0-next.0 <-> gatsby::::packages/gatsby-plugin-subfont/package.json::::version::::version:3.8.0-next.0;packages/gatsby-plugin-subfont/package.json;gatsby::::packages/gatsby-plugin-subfont/package.json::::version(location: 3);git show 16a70c5ae6f44296a99959967f238c33387accd7 -- packages/gatsby-plugin-subfont/package.json;yes;file version changed
5a35db445928842dabd9fcaacf977992acf8d53a;d2544f78d2955c8ed40a08c979bfd614283f64b6;816f4462661c0736351328dfe3f8f67b;ModifiedOptionConflict;ConfigType.VERSION_NUMBER<->ConfigType.VERSION_NUMBER;gatsby::::packages/gatsby-theme-blog-core/package.json::::dependencies::::gatsby-plugin-mdx::::gatsby-plugin-mdx:^1.0.56 <-> gatsby::::www/package.json::::dependencies::::gatsby-plugin-mdx::::gatsby-plugin-mdx:^1.0.56;packages/gatsby-theme-blog-core/package.json;gatsby::::packages/gatsby-theme-blog-core/package.json::::dependencies::::gatsby-plugin-mdx(location: 21);git show 5a35db445928842dabd9fcaacf977992acf8d53a -- packages/gatsby-theme-blog-core/package.json;yes;library version changed
50229ed7739766329d42870ecce0f34216016b30;9d83c7831c6b929791f1404bd6c911ba69128a7f;90bf420ffc31d749b51f0b37c9f26888;ModifiedOptionConflict;ConfigType.VERSION_NUMBER<->ConfigType.VERSION_NUMBER;gatsby::::packages/babel-preset-gatsby-package/package.json::::peerDependencies::::@babel/core::::@babel/core:^7.11.6 <-> gatsby::::packages/gatsby-source-lever/package.json::::devDependencies::::@babel/core::::@babel/core:^7.11.6;packages/gatsby-source-lever/package.json;gatsby::::packages/gatsby-source-lever/package.json::::devDependencies::::@babel/core(location: 22);git show 50229ed7739766329d42870ecce0f34216016b30 -- packages/gatsby-source-lever/package.json;yes;library version changed
3b192b45cbac4d722d199caef0d96f369948ca54;51ff28ab98068867fb99cbc846fda7a5ae18ec86;7f29a068a04523b65f5bb5da6d29f3fc;ModifiedOptionConflict;ConfigType.VERSION_NUMBER<->ConfigType.VERSION_NUMBER;gatsby::::packages/babel-plugin-remove-graphql-queries/package.json::::version::::version:4.12.0-next.2 <-> gatsby::::packages/gatsby-cli/package.json::::version::::version:4.12.0-next.2;packages/gatsby-cli/package.json;gatsby::::packages/gatsby-cli/package.json::::version(location: 4);git show 3b192b45cbac4d722d199caef0d96f369948ca54 -- packages/gatsby-cli/package.json;yes;file version changed
899358297bc6c4ec9df54d75acc9f7afecb5adc9;b2f240888b10f6b91ab174ab106ff0db6c89f776;a7ea7200e83681ca310e8185c4a2185b;ModifiedOptionConflict;ConfigType.VERSION_NUMBER<->ConfigType.VERSION_NUMBER;gatsby::::packages/gatsby-plugin-postcss/package.json::::dependencies::::@babel/runtime::::@babel/runtime:7.0.0-beta.51 <-> gatsby::::packages/gatsby-transformer-sqip/package.json::::dependencies::::@babel/runtime::::@babel/runtime:7.0.0-beta.51;packages/gatsby-transformer-sqip/package.json;gatsby::::packages/gatsby-transformer-sqip/package.json::::dependencies::::@babel/runtime(location: 10);git show 899358297bc6c4ec9df54d75acc9f7afecb5adc9 -- packages/gatsby-transformer-sqip/package.json;yes;library version changed
084e5ea65528169ad6c7615f857eb2af800e2e92;c39617a78130dacd8839381d020b2fb420dc6236;416b03ce7097e17561d1567d52051aa1;ModifiedOptionConflict;ConfigType.VERSION_NUMBER<->ConfigType.VERSION_NUMBER;gatsby::::packages/gatsby-plugin-feed/package.json::::version::::version:2.0.0-rc.2 <-> gatsby::::packages/gatsby-transformer-xml/package.json::::version::::version:2.0.0-rc.2;packages/gatsby-transformer-xml/package.json;gatsby::::packages/gatsby-transformer-xml/package.json::::version(location: 4);git show 084e5ea65528169ad6c7615f857eb2af800e2e92 -- packages/gatsby-transformer-xml/package.json;yes;file version changed
c4a0caa4ba6381dafaa26f04ac69a88c6c4d4fc4;7b14324db221e1c27eac127dfc0826c47b5d22c1;106c0c68e25dd96d320932093f0c13a6;ModifiedOptionConflict;ConfigType.VERSION_NUMBER<->ConfigType.VERSION_NUMBER;gatsby::::packages/gatsby-plugin-jss/package.json::::version::::version:2.0.5 <-> gatsby::::packages/gatsby-source-shopify/package.json::::version::::version:2.0.5;packages/gatsby-source-shopify/package.json;gatsby::::packages/gatsby-source-shopify/package.json::::version(location: 3);git show c4a0caa4ba6381dafaa26f04ac69a88c6c4d4fc4 -- packages/gatsby-source-shopify/package.json;yes;file version changed
579f27eb7b7a386d8acf8364d03a566b7752b6e2;4e2108309e86ff964fb6bc752f7564169eb4c42f;df5f6536a91130cbca7c272f40be31a6;ModifiedOptionConflict;ConfigType.VERSION_NUMBER<->ConfigType.VERSION_NUMBER;gatsby::::packages/gatsby-plugin-sharp/package.json::::version::::version:3.11.0-next.0 <-> gatsby::::packages/gatsby-transformer-toml/package.json::::version::::version:3.11.0-next.0;packages/gatsby-plugin-sharp/package.json;gatsby::::packages/gatsby-plugin-sharp/package.json::::version(location: 4);git show 579f27eb7b7a386d8acf8364d03a566b7752b6e2 -- packages/gatsby-plugin-sharp/package.json;yes;file version changed
335966c7c1b06c00b25c912d6846b894719f3e71;7558b591ada566e7b4627eee54b8b9a90d85ed53;f70f3ab73847d3bd045ca2af0d4c60d1;ModifiedOptionConflict;ConfigType.VERSION_NUMBER<->ConfigType.VERSION_NUMBER;gatsby::::packages/gatsby-plugin-aphrodite/package.json::::version::::version:1.0.5 <-> gatsby::::packages/gatsby-remark-code-repls/package.json::::version::::version:1.0.5;packages/gatsby-remark-code-repls/package.json;gatsby::::packages/gatsby-remark-code-repls/package.json::::version(location: 4);git show 335966c7c1b06c00b25c912d6846b894719f3e71 -- packages/gatsby-remark-code-repls/package.json;yes;file version changed
6bf5c4f91237301edc9893aafcfd8be9ee50b098;f2d126085b507efad56ff5cdf38297e325000e2e;212aa47cf3d7b51487045e394c32a962;ModifiedOptionConflict;ConfigType.VERSION_NUMBER<->ConfigType.VERSION_NUMBER;gatsby::::starters/gatsby-starter-mdx-basic/package.json::::dependencies::::gatsby::::gatsby:^2.32.12 <-> gatsby::::starters/gatsby-starter-theme/package.json::::dependencies::::gatsby::::gatsby:^2.32.12;starters/gatsby-starter-theme/package.json;gatsby::::starters/gatsby-starter-theme/package.json::::dependencies::::gatsby(location: 13);git show 6bf5c4f91237301edc9893aafcfd8be9ee50b098 -- starters/gatsby-starter-theme/package.json;yes;library version changed
84622f8d33bb611ee0fd192ad12ac0f76028aea8;2df58e6debe19eec4cc1e2b1aeb2b1236798c511;17411443f9b54797b019d76c00233f89;ModifiedOptionConflict;ConfigType.VERSION_NUMBER<->ConfigType.VERSION_NUMBER;gatsby::::packages/gatsby-remark-responsive-iframe/package.json::::version::::version:2.3.1 <-> gatsby::::packages/gatsby-transformer-javascript-static-exports/package.json::::version::::version:2.3.1;packages/gatsby-transformer-javascript-static-exports/package.json;gatsby::::packages/gatsby-transformer-javascript-static-exports/package.json::::version(location: 4);git show 84622f8d33bb611ee0fd192ad12ac0f76028aea8 -- packages/gatsby-transformer-javascript-static-exports/package.json;yes;file version changed
214b0bea56dfa890ec8efde53e7f0154ef530801;223c23915886a8ee9492ab70c3dbeb2f1a93d5e4;bc8978edbda13cd10cdf85279c09eea3;ModifiedOptionConflict;ConfigType.VERSION_NUMBER<->ConfigType.VERSION_NUMBER;gatsby::::packages/gatsby-source-contentful/package.json::::dependencies::::gatsby-source-filesystem::::gatsby-source-filesystem:^2.1.28 <-> gatsby::::themes/gatsby-theme-notes/package.json::::dependencies::::gatsby-source-filesystem::::gatsby-source-filesystem:^2.1.28;packages/gatsby-source-contentful/package.json;gatsby::::packages/gatsby-source-contentful/package.json::::dependencies::::gatsby-source-filesystem(location: 20);git show 214b0bea56dfa890ec8efde53e7f0154ef530801 -- packages/gatsby-source-contentful/package.json;yes;library version changed
2075cbaa18414d5010428d5811e2d4b437ff1ca4;109220482f900e3786214d9978b553eafb5e2031;4bc6f79e3e56ee392b324f8d627d0100;ModifiedOptionConflict;ConfigType.VERSION_NUMBER<->ConfigType.VERSION_NUMBER;gatsby::::packages/gatsby-plugin-create-client-paths/package.json::::devDependencies::::@babel/core::::@babel/core:^7.12.3 <-> gatsby::::packages/gatsby-plugin-image/package.json::::peerDependencies::::@babel/core::::@babel/core:^7.12.3;packages/gatsby-plugin-create-client-paths/package.json;gatsby::::packages/gatsby-plugin-create-client-paths/package.json::::devDependencies::::@babel/core(location: 14);git show 2075cbaa18414d5010428d5811e2d4b437ff1ca4 -- packages/gatsby-plugin-create-client-paths/package.json;yes;library version changed
fd0610bf7912c35576b194596bcfd3fc4ec575fe;820dc0ee1115b699d2be4d2200eda210d2099b05;6a5d1f982332ac281462cdb239e888ae;ModifiedOptionConflict;ConfigType.VERSION_NUMBER<->ConfigType.VERSION_NUMBER;gatsby::::packages/gatsby-transformer-documentationjs/package.json::::version::::version:1.4.0 <-> gatsby::::packages/gatsby/package.json::::version::::version:1.4.0;packages/gatsby/package.json;gatsby::::packages/gatsby/package.json::::version(location: 4);git show fd0610bf7912c35576b194596bcfd3fc4ec575fe -- packages/gatsby/package.json;yes;file version changed
7305fed8c314cf643a067c0ff4b53bfa431a1759;58149d130288c470ce73f851b3855093dcf53ee1;9e87ed7553d9b94d7b2a89c2eeb92cd1;ModifiedOptionConflict;ConfigType.VERSION_NUMBER<->ConfigType.VERSION_NUMBER;gatsby::::themes/gatsby-theme-blog/package.json::::dependencies::::react-helmet::::react-helmet:^5.2.0 <-> gatsby::::www/package.json::::dependencies::::react-helmet::::react-helmet:^5.2.0;themes/gatsby-theme-blog/package.json;gatsby::::themes/gatsby-theme-blog/package.json::::dependencies::::react-helmet(location: 37);git show 7305fed8c314cf643a067c0ff4b53bfa431a1759 -- themes/gatsby-theme-blog/package.json;yes;library version changed
00ea2bf661fb6a637798b7e14d664255f986ceea;36ab7f7c97ad6acf77cce13e5d9d01d123575906;42520d12a52902d9d9fd870493c3f81d;ModifiedOptionConflict;ConfigType.VERSION_NUMBER<->ConfigType.VERSION_NUMBER;gatsby::::packages/gatsby-dev-cli/package.json::::version::::version:2.0.0-rc.0 <-> gatsby::::packages/gatsby-plugin-no-sourcemaps/package.json::::version::::version:2.0.0-rc.0;packages/gatsby-dev-cli/package.json;gatsby::::packages/gatsby-dev-cli/package.json::::version(location: 4);git show 00ea2bf661fb6a637798b7e14d664255f986ceea -- packages/gatsby-dev-cli/package.json;yes;file version changed
5fd6c131ea8a80ac4d15ae0ff080a6aefbd25d9e;0a339ecbc98d4a78730215cf9caf88036ee591fb;cfa8e1a78f7317e8ad3bf3d7d5153c87;ModifiedOptionConflict;ConfigType.VERSION_NUMBER<->ConfigType.VERSION_NUMBER;gatsby::::packages/gatsby-plugin-coffeescript/package.json::::version::::version:2.3.12 <-> gatsby::::packages/gatsby-plugin-twitter/package.json::::version::::version:2.3.12;packages/gatsby-plugin-coffeescript/package.json;gatsby::::packages/gatsby-plugin-coffeescript/package.json::::version(location: 4);git show 5fd6c131ea8a80ac4d15ae0ff080a6aefbd25d9e -- packages/gatsby-plugin-coffeescript/package.json;yes;file version changed
550f6f3da5e004e4b04970bf4e676cf869af3206;b614706b9e2ad79f606c098738f85e14fa43ece0;df30b723188d12021ce0d22772244a77;ModifiedOptionConflict;ConfigType.VERSION_NUMBER<->ConfigType.VERSION_NUMBER;gatsby::::packages/gatsby-plugin-sharp/package.json::::dependencies::::gatsby-core-utils::::gatsby-core-utils:^1.3.11 <-> gatsby::::www/package.json::::dependencies::::gatsby-core-utils::::gatsby-core-utils:^1.3.11;packages/gatsby-plugin-sharp/package.json;gatsby::::packages/gatsby-plugin-sharp/package.json::::dependencies::::gatsby-core-utils(location: 14);git show 550f6f3da5e004e4b04970bf4e676cf869af3206 -- packages/gatsby-plugin-sharp/package.json;yes;library version changed
be3fed1ae9aff01ce8bbb6a78942c900d5525c41;46c165eec3e557e0788dcca1f188c2cd80d3391a;963bf22c3b637aa23463fbee9dc90eff;ModifiedOptionConflict;ConfigType.VERSION_NUMBER<->ConfigType.VERSION_NUMBER;gatsby::::packages/gatsby-plugin-no-sourcemaps/package.json::::version::::version:2.1.1 <-> gatsby::::packages/gatsby-transformer-screenshot/package.json::::version::::version:2.1.1;packages/gatsby-transformer-screenshot/package.json;gatsby::::packages/gatsby-transformer-screenshot/package.json::::version(location: 4);git show be3fed1ae9aff01ce8bbb6a78942c900d5525c41 -- packages/gatsby-transformer-screenshot/package.json;yes;file version changed
49733dd005b5e6966a856bdcfa620a71b1a96a22;60adbc6d3426f60bb4c7be9a0e0efb24862833dc;861a1bfd291b57cfe2fb182e35a4ef50;ModifiedOptionConflict;ConfigType.VERSION_NUMBER<->ConfigType.VERSION_NUMBER;gatsby::::packages/gatsby-design-tokens/package.json::::version::::version:3.12.0-next.1 <-> gatsby::::packages/gatsby-plugin-typography/package.json::::version::::version:3.12.0-next.1;packages/gatsby-plugin-typography/package.json;gatsby::::packages/gatsby-plugin-typography/package.json::::version(location: 4);git show 49733dd005b5e6966a856bdcfa620a71b1a96a22 -- packages/gatsby-plugin-typography/package.json;yes;file version changed
6e7b41650f33e27559b9d395b90a1871f83c3e22;0d246caa2f5462ce6fa4f1a5d19b894a60d3e8be;5aebb467a9d8ddb6beea2997c176bf0b;ModifiedOptionConflict;ConfigType.VERSION_NUMBER<->ConfigType.VERSION_NUMBER;gatsby::::packages/gatsby-plugin-sitemap/package.json::::version::::version:2.0.1 <-> gatsby::::packages/gatsby-transformer-javascript-frontmatter/package.json::::version::::version:2.0.1;packages/gatsby-transformer-javascript-frontmatter/package.json;gatsby::::packages/gatsby-transformer-javascript-frontmatter/package.json::::version(location: 4);git show 6e7b41650f33e27559b9d395b90a1871f83c3e22 -- packages/gatsby-transformer-javascript-frontmatter/package.json;yes;file version changed
fc9977a21090710cbdddf7b615996c4056148443;a04cbf64ee9aaadb4e22a163898f01da63270375;c20b130166f8a9126facf0789113b3de;ModifiedOptionConflict;ConfigType.VERSION_NUMBER<->ConfigType.VERSION_NUMBER;gatsby::::packages/gatsby-transformer-screenshot/lambda/package.json::::dependencies::::gatsby-core-utils::::gatsby-core-utils:^1.0.18 <-> gatsby::::packages/gatsby/package.json::::dependencies::::gatsby-core-utils::::gatsby-core-utils:^1.0.18;packages/gatsby/package.json;gatsby::::packages/gatsby/package.json::::dependencies::::gatsby-core-utils(location: 74);git show fc9977a21090710cbdddf7b615996c4056148443 -- packages/gatsby/package.json;yes;library version changed
a7d1acd493fe2b38622660e45462148f451ef3cf;a3c65d872286b166a5f15a89312dd562e83db882;08b5a5c64ee3ba0d4114758363f41664;ModifiedOptionConflict;ConfigType.VERSION_NUMBER<->ConfigType.VERSION_NUMBER;gatsby::::packages/gatsby-theme-ui-preset/package.json::::devDependencies::::gatsby::::gatsby:^2.21.35 <-> gatsby::::starters/gatsby-starter-theme-workspace/example/package.json::::dependencies::::gatsby::::gatsby:^2.21.35;packages/gatsby-theme-ui-preset/package.json;gatsby::::packages/gatsby-theme-ui-preset/package.json::::devDependencies::::gatsby(location: 7);git show a7d1acd493fe2b38622660e45462148f451ef3cf -- packages/gatsby-theme-ui-preset/package.json;yes;library version changed
620359b113e9f591e640096d2d6226ff527bc274;dc027a3181e7898fbcd434ef1e3507756510c978;7fbc54e6b70de934baa0dd569036dd52;ModifiedOptionConflict;ConfigType.VERSION_NUMBER<->ConfigType.VERSION_NUMBER;gatsby::::packages/gatsby-source-graphql/package.json::::version::::version:2.5.1 <-> gatsby::::packages/gatsby-transformer-sharp/package.json::::version::::version:2.5.1;packages/gatsby-transformer-sharp/package.json;gatsby::::packages/gatsby-transformer-sharp/package.json::::version(location: 4);git show 620359b113e9f591e640096d2d6226ff527bc274 -- packages/gatsby-transformer-sharp/package.json;yes;file version changed
15a84a60b5c92c8ff7ebc459280a2cf3c4cbd2a9;9be91976faf9c231357eabcdddb2864b7a4d1cc7;64a6194923519b1606e50dee01c3e802;ModifiedOptionConflict;ConfigType.VERSION_NUMBER<->ConfigType.VERSION_NUMBER;gatsby::::packages/gatsby-page-utils/package.json::::version::::version:0.2.24 <-> gatsby::::packages/gatsby-recipes/package.json::::version::::version:0.2.24;packages/gatsby-recipes/package.json;gatsby::::packages/gatsby-recipes/package.json::::version(location: 4);git show 15a84a60b5c92c8ff7ebc459280a2cf3c4cbd2a9 -- packages/gatsby-recipes/package.json;yes;file version changed
10238000ecd6aabc102e1549cf252604d7d3686b;d1bef422f815ec91852bd9e4e39e75cca5e56fbf;723a031fcf1f08ecf4272f2b88c00278;ModifiedOptionConflict;ConfigType.VERSION_NUMBER<->ConfigType.VERSION_NUMBER;gatsby::::packages/gatsby-plugin-glamor/package.json::::version::::version:1.0.0-alpha14 <-> gatsby::::packages/gatsby-transformer-json/package.json::::version::::version:1.0.0-alpha14;packages/gatsby-transformer-json/package.json;gatsby::::packages/gatsby-transformer-json/package.json::::version(location: 3);git show 10238000ecd6aabc102e1549cf252604d7d3686b -- packages/gatsby-transformer-json/package.json;yes;file version changed
283a35167e936766f9db3e971ccce3a6cf952d5c;f3fb1b54b7e6b98d8497d0ffc9d51b038ff3ebfb;57858aec96af6fad0d29a870566111f3;ModifiedOptionConflict;ConfigType.VERSION_NUMBER<->ConfigType.VERSION_NUMBER;gatsby::::packages/gatsby-remark-custom-blocks/package.json::::version::::version:2.1.21 <-> gatsby::::packages/gatsby-source-npm-package-search/package.json::::version::::version:2.1.21;packages/gatsby-remark-custom-blocks/package.json;gatsby::::packages/gatsby-remark-custom-blocks/package.json::::version(location: 4);git show 283a35167e936766f9db3e971ccce3a6cf952d5c -- packages/gatsby-remark-custom-blocks/package.json;yes;file version changed
e2d33c36b54b20beda486ec105236366a94a670e;5ed7917875da8de6d8fa2e1849f202a396fc5694;3b2c0af41c29371655dcb4ab23103e06;ModifiedOptionConflict;ConfigType.VERSION_NUMBER<->ConfigType.VERSION_NUMBER;gatsby::::packages/gatsby-plugin-no-sourcemaps/package.json::::version::::version:3.12.0-next.0 <-> gatsby::::packages/gatsby-source-mongodb/package.json::::version::::version:3.12.0-next.0;packages/gatsby-source-mongodb/package.json;gatsby::::packages/gatsby-source-mongodb/package.json::::version(location: 4);git show e2d33c36b54b20beda486ec105236366a94a670e -- packages/gatsby-source-mongodb/package.json;yes;file version changed
b237972943f4fb559950495017ab7965bf347243;e8ea79f2930e7aacc0083a24fa00517fa95fa794;926072e500f4842c93563d03d3e682b5;ModifiedOptionConflict;ConfigType.VERSION_NUMBER<->ConfigType.VERSION_NUMBER;gatsby::::packages/gatsby-plugin-cxs/package.json::::version::::version:2.1.2 <-> gatsby::::packages/gatsby-source-faker/package.json::::version::::version:2.1.2;packages/gatsby-source-faker/package.json;gatsby::::packages/gatsby-source-faker/package.json::::version(location: 4);git show b237972943f4fb559950495017ab7965bf347243 -- packages/gatsby-source-faker/package.json;yes;file version changed
899358297bc6c4ec9df54d75acc9f7afecb5adc9;b2f240888b10f6b91ab174ab106ff0db6c89f776;f0ee08ed41b481e26d829acb51eae45e;ModifiedOptionConflict;ConfigType.VERSION_NUMBER<->ConfigType.VERSION_NUMBER;gatsby::::packages/gatsby-cli/package.json::::devDependencies::::@babel/cli::::@babel/cli:7.0.0-beta.51 <-> gatsby::::packages/gatsby-source-lever/package.json::::devDependencies::::@babel/cli::::@babel/cli:7.0.0-beta.51;packages/gatsby-source-lever/package.json;gatsby::::packages/gatsby-source-lever/package.json::::devDependencies::::@babel/cli(location: 21);git show 899358297bc6c4ec9df54d75acc9f7afecb5adc9 -- packages/gatsby-source-lever/package.json;yes;library version changed
b237972943f4fb559950495017ab7965bf347243;e8ea79f2930e7aacc0083a24fa00517fa95fa794;dc94a47fe69dc6b301e8a4ff1b0f850f;ModifiedOptionConflict;ConfigType.VERSION_NUMBER<->ConfigType.VERSION_NUMBER;gatsby::::packages/gatsby-plugin-jss/package.json::::version::::version:2.1.3 <-> gatsby::::packages/gatsby-source-npm-package-search/package.json::::version::::version:2.1.3;packages/gatsby-source-npm-package-search/package.json;gatsby::::packages/gatsby-source-npm-package-search/package.json::::version(location: 4);git show b237972943f4fb559950495017ab7965bf347243 -- packages/gatsby-source-npm-package-search/package.json;yes;file version changed
6891be7050c5d6a93c1c20658b7ed8d297ef440b;bcae615009196a626965e665ec6e6b383b7a6cd3;49e350225e7c05f8523752ad29334c8a;ModifiedOptionConflict;ConfigType.VERSION_NUMBER<->ConfigType.VERSION_NUMBER;gatsby::::infrastructure/package.json::::version::::version:1.0.0 <-> gatsby::::packages/gatsby-plugin-fullstory/package.json::::version::::version:1.0.0;packages/gatsby-plugin-fullstory/package.json;gatsby::::packages/gatsby-plugin-fullstory/package.json::::version(location: 3);git show 6891be7050c5d6a93c1c20658b7ed8d297ef440b -- packages/gatsby-plugin-fullstory/package.json;yes;file version changed
79253632660f4f94258c71569da8952c69024fe2;6121bb0668a0d5082ddd96bd1c9bb30d11f8de28;fba88f68d07a623229aa0c5975f2b9dd;ModifiedOptionConflict;ConfigType.VERSION_NUMBER<->ConfigType.VERSION_NUMBER;gatsby::::packages/babel-preset-gatsby/package.json::::peerDependencies::::@babel/core::::@babel/core:^7.0.0 <-> gatsby::::packages/gatsby-transformer-remark/package.json::::devDependencies::::@babel/core::::@babel/core:^7.0.0;packages/gatsby-transformer-remark/package.json;gatsby::::packages/gatsby-transformer-remark/package.json::::devDependencies::::@babel/core(location: 34);git show 79253632660f4f94258c71569da8952c69024fe2 -- packages/gatsby-transformer-remark/package.json;yes;library version changed
214b0bea56dfa890ec8efde53e7f0154ef530801;223c23915886a8ee9492ab70c3dbeb2f1a93d5e4;9c978fd3568843b1f0efdd06d757a3f6;ModifiedOptionConflict;ConfigType.VERSION_NUMBER<->ConfigType.VERSION_NUMBER;gatsby::::packages/gatsby-source-drupal/package.json::::dependencies::::gatsby-source-filesystem::::gatsby-source-filesystem:^2.1.28 <-> gatsby::::starters/blog/package.json::::dependencies::::gatsby-source-filesystem::::gatsby-source-filesystem:^2.1.28;packages/gatsby-source-drupal/package.json;gatsby::::packages/gatsby-source-drupal/package.json::::dependencies::::gatsby-source-filesystem(location: 14);git show 214b0bea56dfa890ec8efde53e7f0154ef530801 -- packages/gatsby-source-drupal/package.json;yes;library version changed
1327daa7da44737a177b128639f27c23cbaee148;e0f35de43541f1de0fcbf796e2a5557016dbd572;0e7ab2524aa8ac11e801241bea21a9d7;ModifiedOptionConflict;ConfigType.VERSION_NUMBER<->ConfigType.VERSION_NUMBER;gatsby::::packages/gatsby-source-shopify/package.json::::dependencies::::babel-preset-gatsby-package::::babel-preset-gatsby-package:^0.13.0-next.0 <-> gatsby::::packages/gatsby-source-wordpress/package.json::::devDependencies::::babel-preset-gatsby-package::::babel-preset-gatsby-package:^0.13.0-next.0;packages/gatsby-source-wordpress/package.json;gatsby::::packages/gatsby-source-wordpress/package.json::::devDependencies::::babel-preset-gatsby-package(location: 57);git show 1327daa7da44737a177b128639f27c23cbaee148 -- packages/gatsby-source-wordpress/package.json;yes;library version changed
3afad785703a90e1835f3a57740b3607d8676453;889941f9a91aa85bca9415f14004daee63f99c05;e6e297e58db19b1a7b4f84b8aea8a2b7;ModifiedOptionConflict;ConfigType.VERSION_NUMBER<->ConfigType.VERSION_NUMBER;gatsby::::packages/gatsby-plugin-sitemap/package.json::::version::::version:2.0.9 <-> gatsby::::packages/gatsby-transformer-xml/package.json::::version::::version:2.0.9;packages/gatsby-plugin-sitemap/package.json;gatsby::::packages/gatsby-plugin-sitemap/package.json::::version(location: 4);git show 3afad785703a90e1835f3a57740b3607d8676453 -- packages/gatsby-plugin-sitemap/package.json;yes;file version changed
497971cdf86f7b37a5dc9ccd959bf12b6b231693;bfdc20a894f22715358ddb7430beb70ec474920d;0c46a44ad9391c308caf264df9450119;ModifiedOptionConflict;ConfigType.VERSION_NUMBER<->ConfigType.VERSION_NUMBER;gatsby::::packages/gatsby-admin/package.json::::dependencies::::gatsby::::gatsby:^2.20.36 <-> gatsby::::starters/blog/package.json::::dependencies::::gatsby::::gatsby:^2.20.36;packages/gatsby-admin/package.json;gatsby::::packages/gatsby-admin/package.json::::dependencies::::gatsby(location: 11);git show 497971cdf86f7b37a5dc9ccd959bf12b6b231693 -- packages/gatsby-admin/package.json;yes;library version changed
