id,creationdate,score,title",tags
30063907,2015-05-05 21:53:37,637,"Using Docker-Compose, how to execute multiple commands",<docker><yaml><docker-compose>
40801772,2016-11-25 09:39:10,634,What is the difference between docker-compose ports vs expose,<docker><docker-compose>
48957195,2018-02-23 22:38:58,528,How to fix docker: Got permission denied issue,<docker><docker-compose>
29480099,2015-04-06 21:36:43,478,What's the difference between Docker Compose vs. Dockerfile,<docker><docker-compose><dockerfile><development-environment><boot2docker>
44785585,2017-06-27 16:36:53,477,Docker: How to delete all local Docker images,<docker><docker-compose>
47536536,2017-11-28 16:34:31,448,What's the difference between Docker Compose and Kubernetes?,<docker><kubernetes><docker-compose>
31466428,2015-07-16 23:55:01,421,How to restart a single container with docker-compose,<docker><docker-compose>
42564058,2017-03-02 19:16:34,397,How to use local docker images with Minikube?,<linux><docker><kubernetes><docker-compose>
38088279,2016-06-29 00:13:57,376,Communication between multiple docker-compose projects,<networking><docker><docker-compose>
36249744,2016-03-27 16:25:57,364,Interactive shell using Docker Compose,<shell><docker><interactive><docker-compose>
35832095,2016-03-06 20:24:13,358,Difference between links and depends_on in docker_compose.yml,<docker><docker-compose><dockerfile>
36884991,2016-04-27 08:57:50,346,How to rebuild docker container in docker-compose.yml?,<docker><docker-compose><docker-container>
42248198,2017-02-15 11:33:27,334,How to mount a single file in a volume,<docker><docker-compose>
42510002,2017-02-28 13:25:28,306,How to clear the logs properly for a Docker container?,<docker><docker-compose><boot2docker><docker-machine>
41637505,2017-01-13 15:02:12,282,How to persist data in a dockerized postgres database using volumes,<postgresql><docker><docker-compose><docker-volume>
37966552,2016-06-22 11:21:19,282,What is the difference between docker and docker-compose,<docker><docker-compose>
32230577,2015-08-26 15:21:32,270,How do I define the name of image built with docker-compose,<docker><docker-compose><orchestration>
29377853,2015-03-31 20:23:11,268,How to use environment variables in docker compose,<docker><docker-compose>
32612650,2015-09-16 15:18:09,234,How to get docker-compose to always re-create containers from fresh images?,<docker><docker-compose>
30233105,2015-05-14 08:52:54,234,docker-compose up for only certain containers,<docker><docker-compose>
30043872,2015-05-05 03:40:00,216,Docker-compose: node_modules not present in a volume after npm install succeeds,<node.js><docker><ubuntu-14.04><docker-compose>
43720339,2017-05-01 13:59:29,213,"Docker ""ERROR: could not find an available, non-overlapping IPv4 address pool among the defaults to assign to the network""",<python><docker><docker-compose>
29101043,2015-03-17 13:59:56,209,Can't connect to docker from docker-compose,<docker><docker-compose>
40905761,2016-12-01 08:25:17,194,How do I mount a host directory as a volume in docker compose,<docker><docker-compose><docker-volume>
39175194,2016-08-26 22:00:50,189,Docker-Compose persistent data MySQL,<docker><docker-compose>
39988844,2016-10-12 00:43:01,177,docker-compose up vs docker-compose up --build vs docker-compose build --no-cache,<docker><docker-compose>
34532696,2015-12-30 15:51:37,155,Docker-Compose can't connect to Docker Daemon,<ubuntu><terminal><docker><docker-compose>
36685980,2016-04-18 05:22:17,154,Docker is installed but Docker Compose is not ? why?,<docker><docker-compose><dockerfile>
43671482,2017-04-28 03:28:35,154,How to run docker-compose up -d at system start up?,<docker><docker-compose>
33816456,2015-11-19 23:43:25,152,How to tag docker image with docker-compose,<docker><docker-compose>
33066528,2015-10-11 15:08:35,151,Should I use docker-compose up or run?,<docker><docker-compose>
50757647,2018-06-08 09:35:26,151,"E: gnupg, gnupg2 and gnupg1 do not seem to be installed, but one of them is required for this operation",<docker><docker-compose>
42345235,2017-02-20 12:59:04,151,How to specify Memory & CPU limit in docker compose version 3,<docker><docker-compose>
34254200,2015-12-13 17:42:27,150,How to pass arguments to a Dockerfile?,<docker><dockerfile><docker-compose><docker-registry><dockerhub>
29924843,2015-04-28 16:25:12,149,How do I set hostname in docker-compose?,<docker><docker-compose>
33715499,2015-11-15 01:44:41,146,What is the difference between docker-compose up and docker-compose start?,<docker><docker-compose>
46672001,2017-10-10 16:53:06,139,Is it safe to clean docker/overlay2/,<docker><docker-compose><docker-machine>
31909979,2015-08-09 23:58:20,138,Docker Machine: No space left on device,<docker><docker-compose><docker-machine>
35228970,2016-02-05 16:29:08,135,docker compose build single container,<docker><docker-compose>
30449313,2015-05-26 04:10:27,133,How do I make a Docker container start automatically on system boot?,<docker><docker-compose>
44284484,2017-05-31 12:11:22,133,Docker Compose - Share named volume between multiple containers,<docker><docker-compose>
37971961,2016-06-22 15:09:21,133,Docker Error bind: address already in use,<ubuntu><docker><ubuntu-14.04><bind><docker-compose>
36354423,2016-04-01 10:50:51,131,What is the best way to pass AWS credentials to a Docker container?,<amazon-web-services><docker><docker-compose>
33017329,2015-10-08 13:30:23,130,Where is a log file with logs from a container?,<docker><docker-compose>
33992867,2015-11-30 06:45:36,126,How do you perform Django database migrations when using Docker-Compose?,<django><docker><docker-compose>
37454548,2016-05-26 07:42:40,124,Docker Compose: No such image,<docker><docker-compose>
35960452,2016-03-12 16:45:55,123,"Docker compose, running containers in net:host",<docker><docker-compose><boot2docker>
38546755,2016-07-23 21:56:20,119,Docker Compose keep container running,<docker><docker-compose>
37195222,2016-05-12 18:51:59,114,How to view log output using docker-compose run?,<docker><docker-compose>
39176561,2016-08-27 01:13:09,113,Copying files to a container with Docker Compose,<docker><copy><docker-compose><volumes>
33639138,2015-11-10 20:37:57,110,Docker Networking - nginx: [emerg] host not found in upstream,<nginx><docker><docker-compose><docker-networking>
29905953,2015-04-27 21:08:34,110,How to correctly link php-fpm and Nginx Docker containers?,<php><nginx><docker><dockerfile><docker-compose>
36387032,2016-04-03 14:59:03,110,How to set a path on host for a named volume in docker-compose.yml,<docker><docker-compose><volume>
43346580,2017-04-11 12:56:28,110,"Docker - image operating system ""windows"" cannot be used on this platform",<docker><docker-compose><dockerfile><boot2docker><docker-machine>
42567475,2017-03-02 22:48:01,110,Docker-compose check if mysql connection is ready,<mysql><docker><docker-compose><dockerfile>
48522615,2018-01-30 13:28:08,110,Docker error: invalid reference format: repository name must be lowercase,<docker><docker-compose>
37254881,2016-05-16 13:16:27,108,Is there any way to disable a service in docker-compose.yml,<docker><docker-compose>
37685581,2016-06-07 17:24:19,107,how to get docker-compose to use the latest image from repository,<docker><build-process><docker-compose>
39493490,2016-09-14 14:48:30,107,Provide static IP to docker containers via docker-compose,<docker><docker-compose>
39562748,2016-09-18 21:15:09,106,"docker-compose start ""ERROR: No containers to start""",<docker><docker-compose>
37100358,2016-05-08 13:27:40,106,Docker-Compose with multiple services,<docker><docker-compose>
36489696,2016-04-08 00:50:27,106,Cannot link to a running container started by docker-compose,<docker><docker-compose>
42912755,2017-03-20 19:51:54,105,How to create a DB for MongoDB container on start up?,<mongodb><docker><docker-compose>
57048428,2019-07-15 23:52:55,103,E: Package 'mysql-client' has no installation candidate in php-fpm image build using docker compose,<laravel><docker><docker-compose><dockerfile>
49316462,2018-03-16 08:49:03,97,How to update existing images with docker-compose?,<docker><docker-compose><gitlab-ci>
34590317,2016-01-04 11:39:14,97,Disable logging for one container in Docker-Compose,<docker><docker-compose>
40462189,2016-11-07 09:52:05,95,Docker-compose set user and group on mounted volume,<docker><docker-compose>
29076194,2015-03-16 11:56:35,94,Using --add-host or extra_hosts with docker-compose,<docker><hosts><docker-compose>
50230399,2018-05-08 09:32:16,92,What is the difference between `docker-compose build` and `docker build`?,<docker><docker-compose><dockerfile>
29568352,2015-04-10 18:27:04,91,Using docker-compose with CI - how to deal with exit codes and daemonized linked containers?,<docker><docker-compose>
29225972,2015-03-24 06:00:38,90,Validating docker-compose yml file,<docker><docker-compose>
36488209,2016-04-07 22:18:50,89,How to override the default value of COMPOSE_HTTP_TIMEOUT with docker-compose command,<docker><docker-compose>
37242217,2016-05-15 18:38:35,87,Access docker container from host using containers name,<docker><docker-compose>
42545431,2017-03-02 01:51:14,87,When to use Docker-Compose and when to use Docker-Swarm,<docker><docker-compose><docker-swarm><docker-swarm-mode>
60754297,2020-03-19 09:31:43,87,Docker Compose failed to build - Filesharing has been cancelled,<windows><docker><docker-compose><docker-desktop>
39663096,2016-09-23 14:19:14,86,docker-compose creating multiple instances for the same image,<docker><docker-compose><docker-container>
46032392,2017-09-04 07:39:07,86,Docker Compose does not allow to use local images,<docker><docker-compose>
30040708,2015-05-04 21:58:47,86,How to mount local volumes in docker machine,<docker><dockerfile><docker-compose>
36283908,2016-03-29 12:10:55,84,Re-using environment variables in docker-compose.yml,<docker><docker-compose><environment-variables>
34322631,2015-12-16 21:41:36,84,How to pass arguments within docker-compose?,<docker><dockerfile><docker-compose>
31210973,2015-07-03 16:23:08,84,How do I seed a mongo database using docker-compose?,<mongodb><docker><docker-compose>
44811886,2017-06-28 20:21:22,84,Restart one service in docker swarm stack,<docker><docker-compose><docker-swarm>
37099564,2016-05-08 11:58:02,81,Docker - How can run the psql command in the postgres container?,<postgresql><docker><docker-compose>
42250222,2017-02-15 13:04:46,80,Where is docker image location in Windows 10?,<docker><docker-compose><docker-for-windows>
42139605,2017-02-09 14:42:47,79,how do you manage secret values with docker-compose v3.1?,<docker><docker-compose><docker-secrets>
42149529,2017-02-10 00:33:53,79,How to reload environment variables in docker-compose container with minimum downtime?,<docker><docker-compose>
47710767,2017-12-08 08:57:19,79,What is the alternative to condition form of depends_on in docker-compose Version 3?,<docker><docker-compose>
49293967,2018-03-15 07:44:48,78,How to pass environment variable to docker-compose up,<docker><docker-compose><dockerfile>
39868369,2016-10-05 07:56:11,78,Run docker-compose build in .gitlab-ci.yml,<docker><docker-compose><gitlab-ci>
32360687,2015-09-02 18:34:18,77,Connect to Docker MySQL container from localhost?,<mysql><macos><docker><docker-compose>
47207616,2017-11-09 17:00:05,76,Auto remove container with docker-compose.yml,<docker><docker-compose>
29061026,2015-03-15 13:17:51,74,Using the host ip in docker-compose,<docker><docker-compose>
51097652,2018-06-29 08:41:49,73,Install node_modules inside Docker container and synchronize them with host,<docker><npm><docker-compose><node-modules>
40248908,2016-10-25 20:12:57,72,context or workdir for docker-compose,<docker><docker-compose>
43408493,2017-04-14 09:05:36,72,What is the difference between Docker Service and Docker Container?,<docker><docker-compose><dockerfile>
42052270,2017-02-05 12:51:38,71,"Docker Compose Up gives ""The system cannot find the file specified."" error",<python><docker><docker-compose>
43544328,2017-04-21 13:42:08,71,Pass argument to docker compose,<docker><docker-compose>
39077526,2016-08-22 10:45:20,70,Docker-Compose file has yaml.scanner.ScannerError,<docker><yaml><docker-compose><dockerfile>
38775954,2016-08-04 19:34:28,69,sudo: docker-compose: command not found,<linux><ubuntu><docker><docker-compose>
47012495,2017-10-30 10:01:41,69,Docker COPY from ubuntu absolute path,<docker><docker-compose><dockerfile>
