occurred_at;prev_commit;conflict_id;conflict_type;config_types;link;changed_artifact;changed_option;cmd;rating;note;category
060a883327d3b096cd2e1ff2646f43741dcf53bd;d6852292c1aab16a7238a81e2208dad8dcd57e8a;5a2b73c072cf1c3c75a2146b070dd05f;ModifiedOptionConflict;ConfigType.VERSION_NUMBER<->ConfigType.VERSION_NUMBER;javascript::::packages/eslint-config-airbnb-base/package.json::::devDependencies::::eslint-plugin-import::::eslint-plugin-import:^1.12.0 <-> javascript::::packages/eslint-config-airbnb/package.json::::peerDependencies::::eslint-plugin-import::::eslint-plugin-import:^1.12.0;packages/eslint-config-airbnb-base/package.json;javascript::::packages/eslint-config-airbnb-base/package.json::::devDependencies::::eslint-plugin-import(location: 52);git show 060a883327d3b096cd2e1ff2646f43741dcf53bd -- packages/eslint-config-airbnb-base/package.json;yes;library;version number
1a8cfb8fb1bd316806aa3bd267eebf3f1893105c;9d15bad5c9285c0139d31461cfc1e8123c57310c;2fc688583e7520abe96c2b46d921819b;ModifiedOptionConflict;ConfigType.VERSION_NUMBER<->ConfigType.VERSION_NUMBER;javascript::::packages/eslint-config-airbnb-base/package.json::::devDependencies::::eslint::::eslint:^3.17.1 <-> javascript::::packages/eslint-config-airbnb/package.json::::devDependencies::::eslint::::eslint:^3.17.1;packages/eslint-config-airbnb-base/package.json;javascript::::packages/eslint-config-airbnb-base/package.json::::devDependencies::::eslint(location: 20);git show 1a8cfb8fb1bd316806aa3bd267eebf3f1893105c -- packages/eslint-config-airbnb-base/package.json;yes;library;version number
1ad74ed54943c6e638db45965790861abe8777fb;2e836da2e79f4a173ea6221f7725b4b9df0c88d6;974173775567b378670a904a9a7c8524;ModifiedOptionConflict;ConfigType.VERSION_NUMBER<->ConfigType.VERSION_NUMBER;javascript::::packages/eslint-config-airbnb-base/package.json::::peerDependencies::::eslint::::eslint:^3.15.0 <-> javascript::::packages/eslint-config-airbnb/package.json::::devDependencies::::eslint::::eslint:^3.15.0;packages/eslint-config-airbnb-base/package.json;javascript::::packages/eslint-config-airbnb-base/package.json::::peerDependencies::::eslint(location: 20);git show 1ad74ed54943c6e638db45965790861abe8777fb -- packages/eslint-config-airbnb-base/package.json;yes;library;version number
26a5de3627ee20259447fc2c57cbfbb53755dcd8;2fca597621f07767e019c7289507cf6eb797e172;55e905e8ae63d8ab9b29c65fe9b146b4;ModifiedOptionConflict;ConfigType.VERSION_NUMBER<->ConfigType.VERSION_NUMBER;javascript::::packages/eslint-config-airbnb-base/package.json::::devDependencies::::eslint-find-rules::::eslint-find-rules:^1.4.0 <-> javascript::::packages/eslint-config-airbnb/package.json::::devDependencies::::eslint-find-rules::::eslint-find-rules:^1.4.0;packages/eslint-config-airbnb-base/package.json;javascript::::packages/eslint-config-airbnb-base/package.json::::devDependencies::::eslint-find-rules(location: 48);git show 26a5de3627ee20259447fc2c57cbfbb53755dcd8 -- packages/eslint-config-airbnb-base/package.json;yes;library;version number
343cb9711f3b398acc7e57668b62582e038eebcf;ffd1e7a09de1f8929bc22f1aab19794d6606eb5f;973323dfdca79de118ad394f80e3c655;ModifiedOptionConflict;ConfigType.VERSION_NUMBER<->ConfigType.VERSION_NUMBER;javascript::::packages/eslint-config-airbnb-base/package.json::::devDependencies::::eslint::::eslint:^4.15.0 <-> javascript::::packages/eslint-config-airbnb/package.json::::peerDependencies::::eslint::::eslint:^4.15.0;packages/eslint-config-airbnb-base/package.json;javascript::::packages/eslint-config-airbnb-base/package.json::::devDependencies::::eslint(location: 22);git show 343cb9711f3b398acc7e57668b62582e038eebcf -- packages/eslint-config-airbnb-base/package.json;yes;library;version number
543f61f7736aac5cda6da1aa1b260b52e458e067;74d67c460722b622ab280520ea2acc05de8a6a7d;d141cb32b314cbcc213fd8888ee850b0;ModifiedOptionConflict;ConfigType.VERSION_NUMBER<->ConfigType.VERSION_NUMBER;javascript::::packages/eslint-config-airbnb-base/package.json::::peerDependencies::::eslint-plugin-import::::eslint-plugin-import:^2.6.1 <-> javascript::::packages/eslint-config-airbnb/package.json::::devDependencies::::eslint-plugin-import::::eslint-plugin-import:^2.6.1;packages/eslint-config-airbnb-base/package.json;javascript::::packages/eslint-config-airbnb-base/package.json::::peerDependencies::::eslint-plugin-import(location: 56);git show 543f61f7736aac5cda6da1aa1b260b52e458e067 -- packages/eslint-config-airbnb-base/package.json;yes;library;version number
543f61f7736aac5cda6da1aa1b260b52e458e067;74d67c460722b622ab280520ea2acc05de8a6a7d;978e7cba549a054f78d73c00919cfcd7;ModifiedOptionConflict;ConfigType.VERSION_NUMBER<->ConfigType.VERSION_NUMBER;javascript::::packages/eslint-config-airbnb-base/package.json::::peerDependencies::::eslint::::eslint:^3.19.0 <-> javascript::::packages/eslint-config-airbnb/package.json::::devDependencies::::eslint::::eslint:^3.19.0;packages/eslint-config-airbnb-base/package.json;javascript::::packages/eslint-config-airbnb-base/package.json::::peerDependencies::::eslint(location: 22);git show 543f61f7736aac5cda6da1aa1b260b52e458e067 -- packages/eslint-config-airbnb-base/package.json;yes;library;version number
552f4426f27b2691326bb8c0264f4e6742e68d07;079b11d4b38b71f10bde125c5d6a29a9472575a5;280bcddef4bea780dcbcffa26d221451;ModifiedOptionConflict;ConfigType.VERSION_NUMBER<->ConfigType.VERSION_NUMBER;javascript::::packages/eslint-config-airbnb-base/package.json::::devDependencies::::eslint-find-rules::::eslint-find-rules:^1.8.0 <-> javascript::::packages/eslint-config-airbnb/package.json::::devDependencies::::eslint-find-rules::::eslint-find-rules:^1.8.0;packages/eslint-config-airbnb-base/package.json;javascript::::packages/eslint-config-airbnb-base/package.json::::devDependencies::::eslint-find-rules(location: 48);git show 552f4426f27b2691326bb8c0264f4e6742e68d07 -- packages/eslint-config-airbnb-base/package.json;yes;library;version number
552f4426f27b2691326bb8c0264f4e6742e68d07;079b11d4b38b71f10bde125c5d6a29a9472575a5;dfe5787c63564a4a26693705178ad0f8;ModifiedOptionConflict;ConfigType.VERSION_NUMBER<->ConfigType.VERSION_NUMBER;javascript::::packages/eslint-config-airbnb-base/package.json::::peerDependencies::::eslint-plugin-import::::eslint-plugin-import:^1.6.1 <-> javascript::::packages/eslint-config-airbnb/package.json::::devDependencies::::eslint-plugin-import::::eslint-plugin-import:^1.6.1;packages/eslint-config-airbnb-base/package.json;javascript::::packages/eslint-config-airbnb-base/package.json::::peerDependencies::::eslint-plugin-import(location: 49);git show 552f4426f27b2691326bb8c0264f4e6742e68d07 -- packages/eslint-config-airbnb-base/package.json;yes;library;version number
5f9553d3a9e6051f41620897ab9c50b7b83e4b0d;52b2ea1df7f53921887a941f0d1429be056d66f3;acf1faac1c6295aa4467a0d3525bb3a7;ModifiedOptionConflict;ConfigType.VERSION_NUMBER<->ConfigType.VERSION_NUMBER;javascript::::packages/eslint-config-airbnb-base/package.json::::devDependencies::::eslint-find-rules::::eslint-find-rules:^1.9.2 <-> javascript::::packages/eslint-config-airbnb/package.json::::devDependencies::::eslint-find-rules::::eslint-find-rules:^1.9.2;packages/eslint-config-airbnb-base/package.json;javascript::::packages/eslint-config-airbnb-base/package.json::::devDependencies::::eslint-find-rules(location: 50);git show 5f9553d3a9e6051f41620897ab9c50b7b83e4b0d -- packages/eslint-config-airbnb-base/package.json;yes;library;version number
5fc9eec3e9830c9d325aab858da123dfef59433c;7f628f2baf7be615298531bea87bb739fdea79a1;f479e388259eab8ae19915e29307a974;ModifiedOptionConflict;ConfigType.VERSION_NUMBER<->ConfigType.VERSION_NUMBER;javascript::::packages/eslint-config-airbnb-base/package.json::::devDependencies::::eslint-find-rules::::eslint-find-rules:^1.3.0 <-> javascript::::packages/eslint-config-airbnb/package.json::::devDependencies::::eslint-find-rules::::eslint-find-rules:^1.3.0;packages/eslint-config-airbnb/package.json;javascript::::packages/eslint-config-airbnb/package.json::::devDependencies::::eslint-find-rules(location: 48);git show 5fc9eec3e9830c9d325aab858da123dfef59433c -- packages/eslint-config-airbnb/package.json;yes;library;version number
602ac78b6211b91c5a984a4a55eae9829d2c1a90;06e344cc8d6ce7ce91b07a5e795ec119da56cd39;45e918080f60c01fb8cb36d0df3fe818;ModifiedOptionConflict;ConfigType.VERSION_NUMBER<->ConfigType.VERSION_NUMBER;javascript::::packages/eslint-config-airbnb-base/package.json::::devDependencies::::eslint-plugin-import::::eslint-plugin-import:^1.6.0 <-> javascript::::packages/eslint-config-airbnb/package.json::::devDependencies::::eslint-plugin-import::::eslint-plugin-import:^1.6.0;packages/eslint-config-airbnb-base/package.json;javascript::::packages/eslint-config-airbnb-base/package.json::::devDependencies::::eslint-plugin-import(location: 49);git show 602ac78b6211b91c5a984a4a55eae9829d2c1a90 -- packages/eslint-config-airbnb-base/package.json;yes;library;version number
602ac78b6211b91c5a984a4a55eae9829d2c1a90;06e344cc8d6ce7ce91b07a5e795ec119da56cd39;8a6375207fba5a4ff04f9d376cbfc98e;ModifiedOptionConflict;ConfigType.VERSION_NUMBER<->ConfigType.VERSION_NUMBER;javascript::::packages/eslint-config-airbnb-base/package.json::::peerDependencies::::eslint-plugin-import::::eslint-plugin-import:^1.6.0 <-> javascript::::packages/eslint-config-airbnb/package.json::::peerDependencies::::eslint-plugin-import::::eslint-plugin-import:^1.6.0;packages/eslint-config-airbnb-base/package.json;javascript::::packages/eslint-config-airbnb-base/package.json::::peerDependencies::::eslint-plugin-import(location: 49);git show 602ac78b6211b91c5a984a4a55eae9829d2c1a90 -- packages/eslint-config-airbnb-base/package.json;yes;library;version number
602ac78b6211b91c5a984a4a55eae9829d2c1a90;06e344cc8d6ce7ce91b07a5e795ec119da56cd39;a384a2040cedc1075f91f80774144819;ModifiedOptionConflict;ConfigType.VERSION_NUMBER<->ConfigType.VERSION_NUMBER;javascript::::packages/eslint-config-airbnb-base/package.json::::devDependencies::::eslint::::eslint:^2.8.0 <-> javascript::::packages/eslint-config-airbnb/package.json::::peerDependencies::::eslint::::eslint:^2.8.0;packages/eslint-config-airbnb-base/package.json;javascript::::packages/eslint-config-airbnb-base/package.json::::devDependencies::::eslint(location: 17);git show 602ac78b6211b91c5a984a4a55eae9829d2c1a90 -- packages/eslint-config-airbnb-base/package.json;yes;library;version number
6be8d4dd10a4aea1fd6dd00406b93bd81e025be9;2ce1c11d8ff4ce7c71e544d3476ff3cd5310bf19;05dc115290ff44f78704b16f16a584cd;ModifiedOptionConflict;ConfigType.VERSION_NUMBER<->ConfigType.VERSION_NUMBER;javascript::::packages/eslint-config-airbnb-base/package.json::::devDependencies::::eslint::::eslint:^3.13.0 <-> javascript::::packages/eslint-config-airbnb/package.json::::devDependencies::::eslint::::eslint:^3.13.0;packages/eslint-config-airbnb-base/package.json;javascript::::packages/eslint-config-airbnb-base/package.json::::devDependencies::::eslint(location: 20);git show 6be8d4dd10a4aea1fd6dd00406b93bd81e025be9 -- packages/eslint-config-airbnb-base/package.json;yes;library;version number
754e749c58c8bcb256fa46c08f6e148adda6c9f9;8ef191576f5e105648f7cca7b14598e333a326da;187b1f05bb8c60b971cf86847e0c6a40;ModifiedOptionConflict;ConfigType.VERSION_NUMBER<->ConfigType.VERSION_NUMBER;javascript::::packages/eslint-config-airbnb-base/package.json::::peerDependencies::::eslint-plugin-import::::eslint-plugin-import:^1.8.0 <-> javascript::::packages/eslint-config-airbnb/package.json::::peerDependencies::::eslint-plugin-import::::eslint-plugin-import:^1.8.0;packages/eslint-config-airbnb-base/package.json;javascript::::packages/eslint-config-airbnb-base/package.json::::peerDependencies::::eslint-plugin-import(location: 51);git show 754e749c58c8bcb256fa46c08f6e148adda6c9f9 -- packages/eslint-config-airbnb-base/package.json;yes;library;version number
754e749c58c8bcb256fa46c08f6e148adda6c9f9;8ef191576f5e105648f7cca7b14598e333a326da;d2a2ca7341f0c85226332d3b3da16f96;ModifiedOptionConflict;ConfigType.VERSION_NUMBER<->ConfigType.VERSION_NUMBER;javascript::::packages/eslint-config-airbnb-base/package.json::::peerDependencies::::eslint::::eslint:^2.10.2 <-> javascript::::packages/eslint-config-airbnb/package.json::::devDependencies::::eslint::::eslint:^2.10.2;packages/eslint-config-airbnb-base/package.json;javascript::::packages/eslint-config-airbnb-base/package.json::::peerDependencies::::eslint(location: 19);git show 754e749c58c8bcb256fa46c08f6e148adda6c9f9 -- packages/eslint-config-airbnb-base/package.json;yes;library;version number
754e749c58c8bcb256fa46c08f6e148adda6c9f9;8ef191576f5e105648f7cca7b14598e333a326da;35bda761a9479ab96fa80371101b8989;ModifiedOptionConflict;ConfigType.VERSION_NUMBER<->ConfigType.VERSION_NUMBER;javascript::::packages/eslint-config-airbnb-base/package.json::::devDependencies::::eslint-plugin-import::::eslint-plugin-import:^1.8.0 <-> javascript::::packages/eslint-config-airbnb/package.json::::peerDependencies::::eslint-plugin-import::::eslint-plugin-import:^1.8.0;packages/eslint-config-airbnb-base/package.json;javascript::::packages/eslint-config-airbnb-base/package.json::::devDependencies::::eslint-plugin-import(location: 51);git show 754e749c58c8bcb256fa46c08f6e148adda6c9f9 -- packages/eslint-config-airbnb-base/package.json;yes;library;version number
754e749c58c8bcb256fa46c08f6e148adda6c9f9;8ef191576f5e105648f7cca7b14598e333a326da;edb226e8a1698aa12f068c38d6c3b148;ModifiedOptionConflict;ConfigType.VERSION_NUMBER<->ConfigType.VERSION_NUMBER;javascript::::packages/eslint-config-airbnb-base/package.json::::devDependencies::::eslint::::eslint:^2.10.2 <-> javascript::::packages/eslint-config-airbnb/package.json::::peerDependencies::::eslint::::eslint:^2.10.2;packages/eslint-config-airbnb-base/package.json;javascript::::packages/eslint-config-airbnb-base/package.json::::devDependencies::::eslint(location: 19);git show 754e749c58c8bcb256fa46c08f6e148adda6c9f9 -- packages/eslint-config-airbnb-base/package.json;yes;library;version number
760a10de9afddcfbb9452d3356ac2a136831d725;9d09ce6e54a019e0ea3d969bec67e7135924dcc7;6cdb173b2bcbfbae1eea1ab2c5e9bdd3;ModifiedOptionConflict;ConfigType.VERSION_NUMBER<->ConfigType.VERSION_NUMBER;javascript::::packages/eslint-config-airbnb-base/package.json::::peerDependencies::::eslint::::eslint:^4.16.0 <-> javascript::::packages/eslint-config-airbnb/package.json::::peerDependencies::::eslint::::eslint:^4.16.0;packages/eslint-config-airbnb/package.json;javascript::::packages/eslint-config-airbnb/package.json::::peerDependencies::::eslint(location: 22);git show 760a10de9afddcfbb9452d3356ac2a136831d725 -- packages/eslint-config-airbnb/package.json;yes;library;version number
760a10de9afddcfbb9452d3356ac2a136831d725;9d09ce6e54a019e0ea3d969bec67e7135924dcc7;9f5b0ad7bbc13a26ed92839ca99cc600;ModifiedOptionConflict;ConfigType.VERSION_NUMBER<->ConfigType.VERSION_NUMBER;javascript::::packages/eslint-config-airbnb-base/package.json::::peerDependencies::::eslint::::eslint:^4.16.0 <-> javascript::::packages/eslint-config-airbnb/package.json::::devDependencies::::eslint::::eslint:^4.16.0;packages/eslint-config-airbnb/package.json;javascript::::packages/eslint-config-airbnb/package.json::::devDependencies::::eslint(location: 22);git show 760a10de9afddcfbb9452d3356ac2a136831d725 -- packages/eslint-config-airbnb/package.json;yes;library;version number
815834bfcc46da53ae0d93ee83050c7700754cef;0e7e013071123828d10dc940a3b45f80e6af9b5d;e94febef8e8f0f3ea22eadef2435152c;ModifiedOptionConflict;ConfigType.VERSION_NUMBER<->ConfigType.VERSION_NUMBER;javascript::::packages/eslint-config-airbnb-base/package.json::::devDependencies::::eslint::::eslint:^3.18.0 <-> javascript::::packages/eslint-config-airbnb/package.json::::peerDependencies::::eslint::::eslint:^3.18.0;packages/eslint-config-airbnb-base/package.json;javascript::::packages/eslint-config-airbnb-base/package.json::::devDependencies::::eslint(location: 20);git show 815834bfcc46da53ae0d93ee83050c7700754cef -- packages/eslint-config-airbnb-base/package.json;yes;library;version number
83dd0fe4fe1c1853a86b0e7d554ab2b9d21f4607;040800902330b7c8b8226e16d0170501791aea4a;0ae685ed3364013b8cb43a53bb0e9455;ModifiedOptionConflict;ConfigType.VERSION_NUMBER<->ConfigType.VERSION_NUMBER;javascript::::packages/eslint-config-airbnb-base/package.json::::devDependencies::::eslint::::eslint:^3.10.2 <-> javascript::::packages/eslint-config-airbnb/package.json::::devDependencies::::eslint::::eslint:^3.10.2;packages/eslint-config-airbnb-base/package.json;javascript::::packages/eslint-config-airbnb-base/package.json::::devDependencies::::eslint(location: 19);git show 83dd0fe4fe1c1853a86b0e7d554ab2b9d21f4607 -- packages/eslint-config-airbnb-base/package.json;yes;library;version number
83dd0fe4fe1c1853a86b0e7d554ab2b9d21f4607;040800902330b7c8b8226e16d0170501791aea4a;61adf19a92abdf98eb90b638ef27637c;ModifiedOptionConflict;ConfigType.VERSION_NUMBER<->ConfigType.VERSION_NUMBER;javascript::::packages/eslint-config-airbnb-base/package.json::::devDependencies::::tape::::tape:^4.6.2 <-> javascript::::packages/eslint-config-airbnb/package.json::::devDependencies::::tape::::tape:^4.6.2;packages/eslint-config-airbnb-base/package.json;javascript::::packages/eslint-config-airbnb-base/package.json::::devDependencies::::tape(location: 55);git show 83dd0fe4fe1c1853a86b0e7d554ab2b9d21f4607 -- packages/eslint-config-airbnb-base/package.json;yes;library;version number
880264ed260ac75c189d89bbfba4ed540985fd53;8043bec24ce1ad2e6119339b7aea4a43bc432d45;7654a9e4a16b201e4344ca8a97b0753a;ModifiedOptionConflict;ConfigType.VERSION_NUMBER<->ConfigType.VERSION_NUMBER;javascript::::packages/eslint-config-airbnb-base/package.json::::peerDependencies::::eslint::::eslint:^3.19.0 || ^4.5.0 <-> javascript::::packages/eslint-config-airbnb/package.json::::devDependencies::::eslint::::eslint:^3.19.0 || ^4.5.0;packages/eslint-config-airbnb-base/package.json;javascript::::packages/eslint-config-airbnb-base/package.json::::peerDependencies::::eslint(location: 22);git show 880264ed260ac75c189d89bbfba4ed540985fd53 -- packages/eslint-config-airbnb-base/package.json;yes;library;version number
8e0d71c28028317ba7f651a10b4ee24fb248891d;cbbb258ddb31a7c740dc31383601e67b1daf8461;ce5969bd7e7e92ad28c2c06253a5ec95;ModifiedOptionConflict;ConfigType.VERSION_NUMBER<->ConfigType.VERSION_NUMBER;javascript::::packages/eslint-config-airbnb-base/package.json::::devDependencies::::eslint::::eslint:^3.3.1 <-> javascript::::packages/eslint-config-airbnb/package.json::::peerDependencies::::eslint::::eslint:^3.3.1;packages/eslint-config-airbnb-base/package.json;javascript::::packages/eslint-config-airbnb-base/package.json::::devDependencies::::eslint(location: 19);git show 8e0d71c28028317ba7f651a10b4ee24fb248891d -- packages/eslint-config-airbnb-base/package.json;yes;library;version number
8e0d71c28028317ba7f651a10b4ee24fb248891d;cbbb258ddb31a7c740dc31383601e67b1daf8461;0fc82ae7e4a968667eb10451ed32ab38;ModifiedOptionConflict;ConfigType.VERSION_NUMBER<->ConfigType.VERSION_NUMBER;javascript::::packages/eslint-config-airbnb-base/package.json::::devDependencies::::eslint-find-rules::::eslint-find-rules:^1.13.0 <-> javascript::::packages/eslint-config-airbnb/package.json::::devDependencies::::eslint-find-rules::::eslint-find-rules:^1.13.0;packages/eslint-config-airbnb-base/package.json;javascript::::packages/eslint-config-airbnb-base/package.json::::devDependencies::::eslint-find-rules(location: 51);git show 8e0d71c28028317ba7f651a10b4ee24fb248891d -- packages/eslint-config-airbnb-base/package.json;yes;library;version number
8ff4a00db6b6dc48df61400c1c5c4f898df81586;b274548919f971003003ecd920451f7dd8181c71;d85682315ea695b0280b4fcc52defcc9;ModifiedOptionConflict;ConfigType.VERSION_NUMBER<->ConfigType.VERSION_NUMBER;javascript::::packages/eslint-config-airbnb-base/package.json::::peerDependencies::::eslint::::eslint:^7.32.0 || ^8.2.0 <-> javascript::::packages/eslint-config-airbnb/package.json::::peerDependencies::::eslint::::eslint:^7.32.0 || ^8.2.0;packages/eslint-config-airbnb-base/package.json;javascript::::packages/eslint-config-airbnb-base/package.json::::peerDependencies::::eslint(location: 38);git show 8ff4a00db6b6dc48df61400c1c5c4f898df81586 -- packages/eslint-config-airbnb-base/package.json;yes;library;version number
90a236996020f8c338ae49ac1b10bb1897382fec;1526dcc8720bd602ecd37fa86d99d55d40a02cdb;3a1102c601febe2d95fee5c69eb57dde;ModifiedOptionConflict;ConfigType.VERSION_NUMBER<->ConfigType.VERSION_NUMBER;javascript::::packages/eslint-config-airbnb-base/package.json::::devDependencies::::eslint::::eslint:^4.6.0 <-> javascript::::packages/eslint-config-airbnb/package.json::::devDependencies::::eslint::::eslint:^4.6.0;packages/eslint-config-airbnb-base/package.json;javascript::::packages/eslint-config-airbnb-base/package.json::::devDependencies::::eslint(location: 22);git show 90a236996020f8c338ae49ac1b10bb1897382fec -- packages/eslint-config-airbnb-base/package.json;yes;library;version number
a4245bb078850740163328f496978edac65fc9c5;d31a661ae25277249e796df7d10a42dc524d84f0;7da1af97125453cfb5bbe9cf7d04c4ec;ModifiedOptionConflict;ConfigType.VERSION_NUMBER<->ConfigType.VERSION_NUMBER;javascript::::packages/eslint-config-airbnb-base/package.json::::devDependencies::::eslint::::eslint:^3.4.0 <-> javascript::::packages/eslint-config-airbnb/package.json::::devDependencies::::eslint::::eslint:^3.4.0;packages/eslint-config-airbnb-base/package.json;javascript::::packages/eslint-config-airbnb-base/package.json::::devDependencies::::eslint(location: 19);git show a4245bb078850740163328f496978edac65fc9c5 -- packages/eslint-config-airbnb-base/package.json;yes;library;version number
a9e1f3f63623387ab74ba5d7e73d7538f4666a3b;f78f55c7a2070bb7ded56e353f67cd9633003d33;b0a6e749c46e556cc50c03ad16cc8994;ModifiedOptionConflict;ConfigType.VERSION_NUMBER<->ConfigType.VERSION_NUMBER;javascript::::packages/eslint-config-airbnb-base/package.json::::peerDependencies::::eslint::::eslint:^4.9.0 <-> javascript::::packages/eslint-config-airbnb/package.json::::peerDependencies::::eslint::::eslint:^4.9.0;packages/eslint-config-airbnb-base/package.json;javascript::::packages/eslint-config-airbnb-base/package.json::::peerDependencies::::eslint(location: 22);git show a9e1f3f63623387ab74ba5d7e73d7538f4666a3b -- packages/eslint-config-airbnb-base/package.json;yes;library;version number
a9e1f3f63623387ab74ba5d7e73d7538f4666a3b;f78f55c7a2070bb7ded56e353f67cd9633003d33;ab5065e52e45e23f5db95a21e627160e;ModifiedOptionConflict;ConfigType.VERSION_NUMBER<->ConfigType.VERSION_NUMBER;javascript::::packages/eslint-config-airbnb-base/package.json::::devDependencies::::eslint::::eslint:^4.9.0 <-> javascript::::packages/eslint-config-airbnb/package.json::::peerDependencies::::eslint::::eslint:^4.9.0;packages/eslint-config-airbnb-base/package.json;javascript::::packages/eslint-config-airbnb-base/package.json::::devDependencies::::eslint(location: 22);git show a9e1f3f63623387ab74ba5d7e73d7538f4666a3b -- packages/eslint-config-airbnb-base/package.json;yes;library;version number
bcd0c8adbefa6b3d3a30aa3c73bf6db76c26aaea;f8d0d7ad1c60cba1744f2df2fe99719a2fb25638;4a026a27680aec5a1d08f40b137aba84;ModifiedOptionConflict;ConfigType.VERSION_NUMBER<->ConfigType.VERSION_NUMBER;javascript::::packages/eslint-config-airbnb-base/package.json::::peerDependencies::::eslint-plugin-import::::eslint-plugin-import:^2.15.0 <-> javascript::::packages/eslint-config-airbnb/package.json::::peerDependencies::::eslint-plugin-import::::eslint-plugin-import:^2.15.0;packages/eslint-config-airbnb-base/package.json;javascript::::packages/eslint-config-airbnb-base/package.json::::peerDependencies::::eslint-plugin-import(location: 61);git show bcd0c8adbefa6b3d3a30aa3c73bf6db76c26aaea -- packages/eslint-config-airbnb-base/package.json;yes;library;version number
bd62764a2f82599b8cc61e8c5d3b0cff57f41e88;018a24c05df6a90a5b85a8ac67143b70091afceb;07faf6f58eec41ca1a9dab1ce82ac911;ModifiedOptionConflict;ConfigType.VERSION_NUMBER<->ConfigType.VERSION_NUMBER;javascript::::package.json::::version::::version:2.0.0 <-> javascript::::packages/eslint-config-airbnb/package.json::::version::::version:2.0.0;packages/eslint-config-airbnb/package.json;javascript::::packages/eslint-config-airbnb/package.json::::version(location: 3);git show bd62764a2f82599b8cc61e8c5d3b0cff57f41e88 -- packages/eslint-config-airbnb/package.json;yes;version;version number
bda615a7b53782d237c9921847c39cb4f5bdc13f;cb9327a971e5315483261146d46a05a6db3c9f28;4f2c81fb54816abe7bb225a39bb3d2f7;ModifiedOptionConflict;ConfigType.VERSION_NUMBER<->ConfigType.VERSION_NUMBER;javascript::::package.json::::version::::version:2.0.0 <-> javascript::::packages/eslint-config-airbnb-base/package.json::::version::::version:2.0.0;packages/eslint-config-airbnb-base/package.json;javascript::::packages/eslint-config-airbnb-base/package.json::::version(location: 3);git show bda615a7b53782d237c9921847c39cb4f5bdc13f -- packages/eslint-config-airbnb-base/package.json;yes;version;version number
c1170795f479d9ae3ba40f232f73dc0d9442bdd0;a9f6baf09d3a07aafa1e6b7c1470d18292670b37;06bdf76d1aca9590a3aea970b17b92e9;ModifiedOptionConflict;ConfigType.VERSION_NUMBER<->ConfigType.VERSION_NUMBER;javascript::::packages/eslint-config-airbnb-base/package.json::::devDependencies::::babel-preset-airbnb::::babel-preset-airbnb:^2.1.1 <-> javascript::::packages/eslint-config-airbnb/package.json::::devDependencies::::babel-preset-airbnb::::babel-preset-airbnb:^2.1.1;packages/eslint-config-airbnb-base/package.json;javascript::::packages/eslint-config-airbnb-base/package.json::::devDependencies::::babel-preset-airbnb(location: 49);git show c1170795f479d9ae3ba40f232f73dc0d9442bdd0 -- packages/eslint-config-airbnb-base/package.json;yes;library;version number
d2ca2bc12b742db31d7ef31dabd98d6808efaa1c;d8d7a3c70b1af786e9b5394ef7a7ad33954f6075;27fac0d5483f77b64438a76590af436f;ModifiedOptionConflict;ConfigType.VERSION_NUMBER<->ConfigType.VERSION_NUMBER;javascript::::packages/eslint-config-airbnb-base/package.json::::devDependencies::::babel-preset-airbnb::::babel-preset-airbnb:^2.5.3 <-> javascript::::packages/eslint-config-airbnb/package.json::::devDependencies::::babel-preset-airbnb::::babel-preset-airbnb:^2.5.3;packages/eslint-config-airbnb/package.json;javascript::::packages/eslint-config-airbnb/package.json::::devDependencies::::babel-preset-airbnb(location: 62);git show d2ca2bc12b742db31d7ef31dabd98d6808efaa1c -- packages/eslint-config-airbnb/package.json;yes;library;version number
d64742055dd0a1a7b66453794645924cde92e5bd;6d53525bec7a7efa879c8286bd83080a5f287729;ea5eb472a8517d09436b2fa72ef9b288;ModifiedOptionConflict;ConfigType.VERSION_NUMBER<->ConfigType.VERSION_NUMBER;javascript::::packages/eslint-config-airbnb-base/package.json::::peerDependencies::::eslint::::eslint:^4.8.0 <-> javascript::::packages/eslint-config-airbnb/package.json::::peerDependencies::::eslint::::eslint:^4.8.0;packages/eslint-config-airbnb-base/package.json;javascript::::packages/eslint-config-airbnb-base/package.json::::peerDependencies::::eslint(location: 22);git show d64742055dd0a1a7b66453794645924cde92e5bd -- packages/eslint-config-airbnb-base/package.json;yes;library;version number
d64742055dd0a1a7b66453794645924cde92e5bd;6d53525bec7a7efa879c8286bd83080a5f287729;1d08df850fd19ee771737f82314762d9;ModifiedOptionConflict;ConfigType.VERSION_NUMBER<->ConfigType.VERSION_NUMBER;javascript::::packages/eslint-config-airbnb-base/package.json::::devDependencies::::eslint::::eslint:^4.8.0 <-> javascript::::packages/eslint-config-airbnb/package.json::::devDependencies::::eslint::::eslint:^4.8.0;packages/eslint-config-airbnb-base/package.json;javascript::::packages/eslint-config-airbnb-base/package.json::::devDependencies::::eslint(location: 22);git show d64742055dd0a1a7b66453794645924cde92e5bd -- packages/eslint-config-airbnb-base/package.json;yes;library;version number
e5b7372b533a1c9bcba210ca7a0d9d2d7c87e6a7;f8bcdd08434ff9d6dfecc1ebd5b3762d386d4fb1;2b048a9f228c387d885fe639aa52d329;ModifiedOptionConflict;ConfigType.VERSION_NUMBER<->ConfigType.VERSION_NUMBER;javascript::::packages/eslint-config-airbnb-base/package.json::::devDependencies::::eslint-find-rules::::eslint-find-rules:^1.14.3 <-> javascript::::packages/eslint-config-airbnb/package.json::::devDependencies::::eslint-find-rules::::eslint-find-rules:^1.14.3;packages/eslint-config-airbnb/package.json;javascript::::packages/eslint-config-airbnb/package.json::::devDependencies::::eslint-find-rules(location: 56);git show e5b7372b533a1c9bcba210ca7a0d9d2d7c87e6a7 -- packages/eslint-config-airbnb/package.json;yes;library;version number
e5b7372b533a1c9bcba210ca7a0d9d2d7c87e6a7;f8bcdd08434ff9d6dfecc1ebd5b3762d386d4fb1;39e39d9b792302a94c40154ad16f30e5;ModifiedOptionConflict;ConfigType.VERSION_NUMBER<->ConfigType.VERSION_NUMBER;javascript::::packages/eslint-config-airbnb-base/package.json::::devDependencies::::babel-preset-airbnb::::babel-preset-airbnb:^2.2.3 <-> javascript::::packages/eslint-config-airbnb/package.json::::devDependencies::::babel-preset-airbnb::::babel-preset-airbnb:^2.2.3;packages/eslint-config-airbnb/package.json;javascript::::packages/eslint-config-airbnb/package.json::::devDependencies::::babel-preset-airbnb(location: 52);git show e5b7372b533a1c9bcba210ca7a0d9d2d7c87e6a7 -- packages/eslint-config-airbnb/package.json;yes;library;version number
e5b7372b533a1c9bcba210ca7a0d9d2d7c87e6a7;f8bcdd08434ff9d6dfecc1ebd5b3762d386d4fb1;60abbc2b446f3404ea0c9c1f4a4aa11c;ModifiedOptionConflict;ConfigType.VERSION_NUMBER<->ConfigType.VERSION_NUMBER;javascript::::packages/eslint-config-airbnb-base/package.json::::peerDependencies::::eslint-plugin-import::::eslint-plugin-import:^2.2.0 <-> javascript::::packages/eslint-config-airbnb/package.json::::peerDependencies::::eslint-plugin-import::::eslint-plugin-import:^2.2.0;packages/eslint-config-airbnb/package.json;javascript::::packages/eslint-config-airbnb/package.json::::peerDependencies::::eslint-plugin-import(location: 68);git show e5b7372b533a1c9bcba210ca7a0d9d2d7c87e6a7 -- packages/eslint-config-airbnb/package.json;yes;library;version number
e730fe90d47bcc5c8ceb84fa352e4f4d38526eeb;4923e8fe2995fb313f7fa772512cb478dec875f9;df5076f92cf453a1d8c66eb11e2aaad2;ModifiedOptionConflict;ConfigType.VERSION_NUMBER<->ConfigType.VERSION_NUMBER;javascript::::packages/eslint-config-airbnb-base/package.json::::devDependencies::::eslint::::eslint:^3.9.0 <-> javascript::::packages/eslint-config-airbnb/package.json::::devDependencies::::eslint::::eslint:^3.9.0;packages/eslint-config-airbnb-base/package.json;javascript::::packages/eslint-config-airbnb-base/package.json::::devDependencies::::eslint(location: 19);git show e730fe90d47bcc5c8ceb84fa352e4f4d38526eeb -- packages/eslint-config-airbnb-base/package.json;yes;library;version number
e730fe90d47bcc5c8ceb84fa352e4f4d38526eeb;4923e8fe2995fb313f7fa772512cb478dec875f9;cf70e097f9577c7633046b4d1bd6dc7f;ModifiedOptionConflict;ConfigType.VERSION_NUMBER<->ConfigType.VERSION_NUMBER;javascript::::packages/eslint-config-airbnb-base/package.json::::peerDependencies::::eslint::::eslint:^3.9.0 <-> javascript::::packages/eslint-config-airbnb/package.json::::devDependencies::::eslint::::eslint:^3.9.0;packages/eslint-config-airbnb-base/package.json;javascript::::packages/eslint-config-airbnb-base/package.json::::peerDependencies::::eslint(location: 19);git show e730fe90d47bcc5c8ceb84fa352e4f4d38526eeb -- packages/eslint-config-airbnb-base/package.json;yes;library;version number
e730fe90d47bcc5c8ceb84fa352e4f4d38526eeb;4923e8fe2995fb313f7fa772512cb478dec875f9;7838f8bbd0701586d50f01b8f98b9412;ModifiedOptionConflict;ConfigType.VERSION_NUMBER<->ConfigType.VERSION_NUMBER;javascript::::packages/eslint-config-airbnb-base/package.json::::devDependencies::::eslint-plugin-import::::eslint-plugin-import:^2.0.1 <-> javascript::::packages/eslint-config-airbnb/package.json::::devDependencies::::eslint-plugin-import::::eslint-plugin-import:^2.0.1;packages/eslint-config-airbnb-base/package.json;javascript::::packages/eslint-config-airbnb-base/package.json::::devDependencies::::eslint-plugin-import(location: 52);git show e730fe90d47bcc5c8ceb84fa352e4f4d38526eeb -- packages/eslint-config-airbnb-base/package.json;yes;library;version number
e730fe90d47bcc5c8ceb84fa352e4f4d38526eeb;4923e8fe2995fb313f7fa772512cb478dec875f9;ea64b09efb17222b364811cbfc056363;ModifiedOptionConflict;ConfigType.VERSION_NUMBER<->ConfigType.VERSION_NUMBER;javascript::::packages/eslint-config-airbnb-base/package.json::::peerDependencies::::eslint-plugin-import::::eslint-plugin-import:^2.0.1 <-> javascript::::packages/eslint-config-airbnb/package.json::::peerDependencies::::eslint-plugin-import::::eslint-plugin-import:^2.0.1;packages/eslint-config-airbnb-base/package.json;javascript::::packages/eslint-config-airbnb-base/package.json::::peerDependencies::::eslint-plugin-import(location: 52);git show e730fe90d47bcc5c8ceb84fa352e4f4d38526eeb -- packages/eslint-config-airbnb-base/package.json;yes;library;version number
ec775d614dd59a721abd4d6c0397eada95cc5d7e;906bdaa1b019c73dd4f6f70b80b3b604c03d655c;1fb8917fdb41f7ff74550b0833fd746a;ModifiedOptionConflict;ConfigType.VERSION_NUMBER<->ConfigType.VERSION_NUMBER;javascript::::packages/eslint-config-airbnb-base/package.json::::peerDependencies::::eslint-plugin-import::::eslint-plugin-import:^2.22.1 <-> javascript::::packages/eslint-config-airbnb/package.json::::peerDependencies::::eslint-plugin-import::::eslint-plugin-import:^2.22.1;packages/eslint-config-airbnb-base/package.json;javascript::::packages/eslint-config-airbnb-base/package.json::::peerDependencies::::eslint-plugin-import(location: 62);git show ec775d614dd59a721abd4d6c0397eada95cc5d7e -- packages/eslint-config-airbnb-base/package.json;yes;library;version number
ed542b007f5beef5e011bf75244bd020644bc56f;55de1bcaa0226891d1dc225ef88796633a4be0c7;3108cd5643f6c0598d1cc1b79dc77f3d;ModifiedOptionConflict;ConfigType.VERSION_NUMBER<->ConfigType.VERSION_NUMBER;javascript::::packages/eslint-config-airbnb-base/package.json::::peerDependencies::::eslint-plugin-import::::eslint-plugin-import:^1.16.0 <-> javascript::::packages/eslint-config-airbnb/package.json::::devDependencies::::eslint-plugin-import::::eslint-plugin-import:^1.16.0;packages/eslint-config-airbnb-base/package.json;javascript::::packages/eslint-config-airbnb-base/package.json::::peerDependencies::::eslint-plugin-import(location: 52);git show ed542b007f5beef5e011bf75244bd020644bc56f -- packages/eslint-config-airbnb-base/package.json;yes;library;version number
ef3e8546c348d3aecd3b777f52cd7a7c45923694;607cdcb0d226e3c0791762ceb4b97946618979fe;3c8f7eb0ae1d51ce81720e55c9c0c091;ModifiedOptionConflict;ConfigType.VERSION_NUMBER<->ConfigType.VERSION_NUMBER;javascript::::packages/eslint-config-airbnb-base/package.json::::devDependencies::::tape::::tape:^4.7.0 <-> javascript::::packages/eslint-config-airbnb/package.json::::devDependencies::::tape::::tape:^4.7.0;packages/eslint-config-airbnb/package.json;javascript::::packages/eslint-config-airbnb/package.json::::devDependencies::::tape(location: 65);git show ef3e8546c348d3aecd3b777f52cd7a7c45923694 -- packages/eslint-config-airbnb/package.json;yes;library;version number
f7ea85d7b07fa97590d7d87512630dd083015b87;13d12523f28c219153536a1639b25ea67a7d5c90;7ea228847d5b115444a51f82f7afd978;ModifiedOptionConflict;ConfigType.VERSION_NUMBER<->ConfigType.VERSION_NUMBER;javascript::::packages/eslint-config-airbnb-base/package.json::::peerDependencies::::eslint::::eslint:^5.16.0 || ^6.7.2 <-> javascript::::packages/eslint-config-airbnb/package.json::::peerDependencies::::eslint::::eslint:^5.16.0 || ^6.7.2;packages/eslint-config-airbnb/package.json;javascript::::packages/eslint-config-airbnb/package.json::::peerDependencies::::eslint(location: 24);git show f7ea85d7b07fa97590d7d87512630dd083015b87 -- packages/eslint-config-airbnb/package.json;yes;library;version number
